,Station code,waterbody,srcStateName,Minimum temperature of water for different water bodies,Maximum temperature of water for different water bodies,Minimum dissolved oxygen.,Maximum dissolved oxygen,Minimum potential of Hydrogen(Ph) values.,Maximum potential of Hydrogen(Ph) values.,Minimum conductivity required for water quality for different water bodies,Maximum conductivity required for water quality for different water bodies,Minimum biochemical oxygen demand (BOD) required for water quality,Maximum biochemical oxygen demand (BOD) required for water quality,Minimum  of Nitrate N + Nitrite N required for different water bodies,Maximum  of Nitrate N + Nitrite N required for different water bodies,Minimum  of Faecal Coliforms(coliform bacteria is associated with faecal matter) .,Maximum   of Faecal Coliforms(coliform bacteria is associated with faecal matter) .,Minimum  of total coliform required for different water bodies,Maximum  of total coliform required for different water bodies,srcYear,YearCode
0,2057,CANAL,DELHI,,,,,,,,,,,,,100000,20000000000,100000,,2012,2012
1,2265,CANAL,GOA,27,34,7.5,7.8,5.5,5.9,50,61,1,1.6,0.06,0.11,7,7,150,,2012,2012
2,2266,CANAL,GOA,29,34,7.5,8.1,5.8,6.1,48,156,0.7,2.1,0.04,0.1,,,120,,2012,2012
3,2268,CANAL,GOA,26,33,3.3,6.7,5.5,7.4,3,1313,0.6,4.6,0.02,0.34,4,2600,150,,2012,2012
4,2836,CANAL,MANIPUR,,,,,,,,,,,,,,,,,2014,2014
5,2073,CANAL,GUJARAT,26,28,6.6,9.4,7.4,8.6,182,344,1,6,,0.87,7,9,21,,2012,2012
6,2354,CANAL,ANDHRA PRADESH,25,30,5.2,6.3,5.8,7.7,241,406,1,2.1,0.4,1.8,4,11,43,150,2016,2016
7,1113,CANAL,HARYANA,,,,,7.1,7.1,168,214,1.8,2.2,,,,,,,2017,2017
8,2074,CANAL,GUJARAT,27,33,4.2,8.8,7.7,8.4,241,1270,0.7,5,0.04,1.19,2,230,2,,2012,2012
9,1479,CANAL,DELHI,,,,,,,,,,,,,13000,30000,30000,,2012,2012
10,1111,CANAL,HARYANA,18,32,7,7.6,7.1,8.2,184,254,1.4,1.7,,0.2,,,,,2012,2012
11,20022,STP,PUNJAB,,,,,6.7,8.4,,,23,160,,,,,,,2017,2017
12,,STP,KERALA,,,,,6,9.3,,,20,290,,,,,,,2018,2018
13,,STP,PUNJAB,,,,,6.9,7.8,,,23,160,,,6.8,6.8,170,170,2018,2018
14,,CANAL,ODISHA,24,29,5.9,7.8,7.3,7.7,154,299,1.5,3.3,0.452,0.587,16000,160000,16000,160000,2018,2018
15,3067,DRAINS,ANDHRA PRADESH,21,27,5.4,6.2,7,7.8,220,420,1,1.2,0.2,2.44,3,28,240,2400,2012,2012
16,3066,DRAINS,ANDHRA PRADESH,20,22,0.8,4.5,6.7,7.1,580,1699,0.4,5.8,0.2,6.2,4,6,1700,2700,2012,2012
17,3065,DRAINS,ANDHRA PRADESH,26,34,0,8.2,7,8.5,886,1586,12,120,,13.8,160,900,1600,1600,2012,2012
18,3064,DRAINS,ANDHRA PRADESH,26,32,0,2.3,7.1,8.8,1112,1627,14,60,,6,300,500,900,900,2012,2012
19,3063,DRAINS,ANDHRA PRADESH,27,29,3.2,4.2,6.9,8.3,264,2314,26,120,2,34,28,160,150,580,2012,2012
20,3062,DRAINS,ANDHRA PRADESH,22,29,0.6,6.4,7,8.2,1437,2153,14,35,,56,300,900,330,1600,2012,2012
21,3061,DRAINS,ANDHRA PRADESH,25,29,0,6.9,7.3,8.2,1304,2157,10,65,,47.8,90,300,10,1460,2012,2012
22,3060,DRAINS,ANDHRA PRADESH,2,32,1.2,6.2,7.7,8.6,1405,2625,0.4,40,,6.6,140,500,1600,1600,2012,2012
23,3059,DRAINS,ANDHRA PRADESH,20,29,0,4,7,8.4,1133,1992,3.3,80,,32.3,170,500,900,1600,2012,2012
24,3058,DRAINS,ANDHRA PRADESH,23,31,1,5.3,6.4,8.1,759,1229,12,49,,35,170,1600,500,1600,2012,2012
25,3057,DRAINS,ANDHRA PRADESH,25,29,0,7,7.3,8.7,717,1749,8,40,,56,34,600,40,1200,2012,2012
26,3056,DRAINS,ANDHRA PRADESH,22,29,0,6,7.1,8.7,1007,1589,2.3,30,,131,300,900,285,1600,2012,2012
27,3055,DRAINS,ANDHRA PRADESH,22,31,0,4.1,7.1,8.2,978,1952,15.5,95,,89,280,500,550,1600,2012,2012
28,3053,DRAINS,ANDHRA PRADESH,22,29,5.2,6,6.9,7.7,359,48100,1.2,2.2,0.64,2.67,3,7,14,2400,2012,2012
29,3052,DRAINS,ANDHRA PRADESH,18,27,0.6,3,6.7,7.8,1126,2150,0.2,4.8,0.58,1.96,4,6,1700,3400,2012,2012
30,3051,CANAL,ANDHRA PRADESH,18,28,0.8,4.2,6.9,7.2,488,1239,0.4,2.9,0.16,1.63,2,6,1300,,2012,2012
31,2355,CANAL,ANDHRA PRADESH,21,28,5.6,6.2,7,7.9,391,33200,1.2,2,0.4,2.97,3,4,11,,2012,2012
32,2354,CANAL,ANDHRA PRADESH,21,28,5.4,6,6.6,7.8,283,425,1,1.2,0.24,0.79,3,3,20,,2012,2012
33,3054,DRAINS,ANDHRA PRADESH,26,31,0,7.4,7.9,11.2,841,1707,0.2,50,,1.34,240,300,1600,1600,2012,2012
34,1112,CANAL,HARYANA,18,30,6.7,7.9,7.3,8.2,210,337,1.1,1.5,,0.32,,,,,2012,2012
35,1318,CREEKS AND SEA WATER,MAHARASHTRA,28,29,1.3,6,7.1,7.7,3273,57310,4,25,0.1,6.2,225,1600,550,1600,2012,2012
36,1115,CANAL,HARYANA,19,31,6.7,7.4,7.4,8.1,178,253,2,2.1,0.2,0.4,,,,,2012,2012
37,1116,CANAL,HARYANA,20,24,7,7.3,7.3,8.1,206,410,2.2,2.6,,0.55,13000,20000,13000,,2012,2012
38,1419,CANAL,HARYANA,23,30,1.1,1.5,7.8,8.1,1020,1210,31,32,1.2,1.2,,,,,2012,2012
39,3461,CANAL,KERALA,25,29,2.5,5.9,6.7,8.2,486,36000,0.6,5.5,0.05,1.5,200,17000,700,,2012,2012
40,3467,CANAL,KERALA,27,29,0,3.5,6.2,7.4,160,6970,0.8,68,0.7,11.13,170,1400,800,,2012,2012
41,3469,CANAL,KERALA,26,29,2.7,6.4,6.2,7.7,42,80,0.8,2.6,0.19,1.17,20,1600,350,,2012,2012
42,1509,DRAINS,UTTAR PRADESH,,,,,,,,,,,,,200000,200000,300000,300000,2012,2012
43,2836,CANAL,MANIPUR,27,30,5.1,8.1,6.4,7.5,99,215,0.2,4.3,,,,,15,,2012,2012
44,2428,CANAL,ORISSA,26,29,5.5,10.2,7.1,8.2,148,205,1,2.7,0.18,1.17,4900,200000,11000,,2012,2012
45,2429,CANAL,ORISSA,27,31,5.2,7.9,7.4,8.5,148,219,1.6,2.6,0.22,2.74,35000,200000,92000,,2012,2012
46,2430,CANAL,ORISSA,20,35,3.2,16.3,6.5,8.4,41,2638,1.1,7.2,0.06,2.62,9400,54000,5400,,2012,2012
47,2932,CANAL,RAJASTHAN,15,28,5,9,7.3,8.9,200,740,0.4,2.8,0.14,0.58,3,7,4,20,2012,2012
48,2933,CANAL,RAJASTHAN,12,33,4.5,7.9,6,8.2,260,500,0.3,2.7,0.14,0.92,3,7,4,21,2012,2012
49,2934,CANAL,RAJASTHAN,13,84,4.4,7.7,6,8,250,580,0.6,2.2,0.02,0.98,3,4,4,20,2012,2012
50,1729,CANAL,TRIPURA,28,29,0.8,1.8,8.7,8.9,374,392,30.2,38.1,6.02,6.82,620,660,780,880,2012,2012
51,2726,CANAL,UTTARAKHAND,15,23,7.4,9.6,6.9,8.3,38,151,1.2,3.8,,,,,100,500,2012,2012
52,3035,CANAL,UTTAR PRADESH,,,,,7.5,8.1,178,996,,,,,40000,40000,81000,81000,2012,2012
53,2792,CREEKS AND SEA WATER,MAHARASHTRA,20,32,2.8,7,7.1,7.9,197,41090,2.4,32,0.2,4.89,25,900,70,1600,2012,2012
54,2512,CANAL,WEST BENGAL,21,35,0.8,1.6,6.7,7.7,480,1813,10.5,64.2,,1.61,3000000,100000000,5000000,200000000,2012,2012
55,2513,CANAL,WEST BENGAL,22,34,0,0,6.3,7.6,739,1136,35.5,146.3,,1.16,30000000,900000000,50000000,2000000000,2012,2012
56,2047,DRAINS,CHANDIGARH,15,27,2,3.6,6.1,7.8,514,1072,51,278,0.19,2.92,,,,,2012,2012
57,2048,DRAINS,CHANDIGARH,15,27,1.4,1.8,6.9,7.9,509,1094,65,278,0.34,3.43,,,,,2012,2012
58,2049,DRAINS,CHANDIGARH,14,27,1.8,2,6.8,7.9,556,935,22,157,,0.88,,,,,2012,2012
59,1379,DRAINS,HARYANA,,,,,,,,,,,,,1100,1100,2200,2200,2012,2012
60,2178,DRAINS,MAHARASHTRA,23,27,1.5,6.1,6.9,8,1,2113,5,40,,41.15,50,1600,180,900,2012,2012
61,2782,DRAINS,MAHARASHTRA,21,35,2,2.2,6.9,7.6,487,740,18,220,0.26,2.9,35,1800,80,1800,2012,2012
62,2783,DRAINS,MAHARASHTRA,21,35,0.8,3.8,7.1,7.7,532,36810,7.4,120,0.4,4.1,25,1800,50,1800,2012,2012
63,2784,DRAINS,MAHARASHTRA,22,35,1.5,2.7,7.2,7.5,639,2137,12,90,0.35,2.66,50,1800,110,1800,2012,2012
64,2785,DRAINS,MAHARASHTRA,27,29,,,5.9,8.4,2856,9763,180,650,0.2,11.25,130,1800,350,1800,2012,2012
65,2786,DRAINS,MAHARASHTRA,27,29,2,2.5,3,7.4,799,6600,15,675,0.9,5.9,80,1800,170,1800,2012,2012
66,2787,DRAINS,MAHARASHTRA,27,29,6.8,6.8,5.7,8.5,185,6740,3.6,775,0.34,6,80,1600,175,1600,2012,2012
67,2793,CREEKS AND SEA WATER,MAHARASHTRA,21,32,1.1,5.7,7.1,7.9,1172,40540,3.2,130,0.2,3.79,110,1600,250,1800,2012,2012
68,2788,DRAINS,MAHARASHTRA,27,29,2.4,2.4,2,7.8,2059,16800,110,1250,2.2,6.74,170,1600,350,1600,2012,2012
69,2798,CREEKS AND SEA WATER,MAHARASHTRA,27,29,1.9,6.4,7,7.9,2301,66470,3.8,31,0.21,2.5,80,1600,250,1600,2012,2012
70,2789,DRAINS,MAHARASHTRA,25,38,1.2,9.8,6,8.3,736,2106,7.6,20.5,0.22,3.24,195,275,900,1600,2012,2012
71,2794,CREEKS AND SEA WATER,MAHARASHTRA,20,32,3.5,7.3,5,7.9,164,34500,2.2,23,0.2,4.4,7,550,25,900,2012,2012
72,2795,CREEKS AND SEA WATER,MAHARASHTRA,20,32,3.1,7.1,7.4,7.8,234,43000,3.2,25,0.2,4.86,80,550,130,900,2012,2012
73,2796,CREEKS AND SEA WATER,MAHARASHTRA,22,30,3.8,7.5,7.2,8.1,275,59370,2.2,25,0.2,5.19,25,900,50,1600,2012,2012
74,2799,CREEKS AND SEA WATER,MAHARASHTRA,27,29,3.2,6.6,7.1,8,31070,65470,4.8,18,0.18,2.72,130,1600,250,1600,2012,2012
75,1317,CREEKS AND SEA WATER,MAHARASHTRA,28,29,3.4,6,7.5,8.2,20640,64300,4,25,0.1,2.67,350,900,550,1600,2012,2012
76,1316,CREEKS AND SEA WATER,MAHARASHTRA,22,30,4.2,7.2,7.5,8,204,63170,2.2,17.5,0.2,4.63,8,550,25,900,2012,2012
77,2081,CREEKS AND SEA WATER,GUJARAT,28,33,0,5.9,7.3,8.3,1380,5860,3.5,72.1,0.12,12.88,140,9000,140,90000,2012,2012
78,2267,CREEKS AND SEA WATER,GOA,27,35,4.8,8.8,6,8.7,5,612,1.2,2.3,0.2,48.52,10,13000,95,28000,2012,2012
79,2790,DRAINS,MAHARASHTRA,27,30,5.4,7.3,5.2,8.3,602,1787,2.2,8.2,0.48,2.99,4,9,120,170,2012,2012
80,2800,CREEKS AND SEA WATER,MAHARASHTRA,27,29,2.2,7.5,7.2,8.5,331,56800,2.2,20,0.21,6.93,40,1800,130,1800,2012,2012
81,2801,CREEKS AND SEA WATER,MAHARASHTRA,27,29,3,7.4,7.6,8.4,156,66140,2.2,20,0.2,2.62,25,900,80,1600,2012,2012
82,2802,CREEKS AND SEA WATER,MAHARASHTRA,27,29,3.7,7.2,7.6,8.5,150,66260,2.2,24,0.1,2.75,70,900,130,1600,2012,2012
83,2803,CREEKS AND SEA WATER,MAHARASHTRA,25,30,1.8,7.4,4.9,8,160,60420,2,24,0.2,3.4,50,350,110,550,2012,2012
84,3034,CANAL,HARYANA/CPCB,,,,,8.1,8.2,173,345,1,1,,,3300,3300,5800,,2012,2012
85,2804,CREEKS AND SEA WATER,MAHARASHTRA,15,36,5.6,7.2,6.7,7.8,64,17130,1.8,4.2,0.43,4.21,2,6,110,140,2012,2012
86,2165,CREEKS AND SEA WATER,MAHARASHTRA,28,29,3.2,6.2,7.5,8.1,23070,64150,4,18,0.9,2.82,550,1600,900,1600,2012,2012
87,2166,CREEKS AND SEA WATER,MAHARASHTRA,8,29,3.6,6,7.4,8,25140,64310,4,19,0.9,2.68,550,1600,900,1600,2012,2012
88,2184,CREEKS AND SEA WATER,MAHARASHTRA,24,30,3.2,7.2,7.2,8.2,1080,58080,2.4,18,0.4,5.04,13,900,25,1800,2012,2012
89,2185,CREEKS AND SEA WATER,MAHARASHTRA,22,35,3.4,7.4,6.8,7.9,2589,64150,2.8,20,0.86,3.26,110,550,225,900,2012,2012
90,2797,CREEKS AND SEA WATER,MAHARASHTRA,22,30,4.2,7.5,7.2,8.1,245,66140,2.2,19,0.2,4.86,25,900,70,1600,2012,2012
91,2167,CREEKS AND SEA WATER,MAHARASHTRA,28,29,4,6,7.5,8.1,20590,64660,4,21,0.1,2.88,350,1600,550,1600,2012,2012
92,2169,CREEKS AND SEA WATER,MAHARASHTRA,21,28,2,5.9,7.5,8.2,349,64590,4,29,0.1,2.88,250,900,550,1600,2012,2012
93,2805,CREEKS AND SEA WATER,MAHARASHTRA,22,30,3.5,6.9,7.7,8.4,283,67000,3.2,20,0.1,4.16,17,900,45,1600,2012,2012
94,2806,CREEKS AND SEA WATER,MAHARASHTRA,22,30,3.7,7.5,7.6,8.4,203,66250,2,22,0.1,4.01,35,1600,70,1600,2012,2012
95,2807,CREEKS AND SEA WATER,MAHARASHTRA,27,29,1.5,6.6,7,8.1,31550,70190,5.2,28,0.24,3.21,25,1600,350,1600,2012,2012
96,2791,CREEKS AND SEA WATER,MAHARASHTRA,25,30,3.1,7.3,6.7,7.7,105,18130,2.4,70,0.36,5.4,17,1600,50,1600,2012,2012
97,2808,CREEKS AND SEA WATER,MAHARASHTRA,8,30,3.5,5.8,7.4,8,39010,64660,3.6,24,0.86,2.54,250,1600,900,1600,2012,2012
98,2809,CREEKS AND SEA WATER,MAHARASHTRA,28,29,2.8,5.8,7.2,8,31200,62250,3.4,24,0.89,2.61,350,900,900,1600,2012,2012
99,2810,CREEKS AND SEA WATER,MAHARASHTRA,28,29,3.2,5.6,7.4,8,38640,64030,4.2,18,0.89,2.72,275,1800,900,1800,2012,2012
100,2811,CREEKS AND SEA WATER,MAHARASHTRA,28,30,3.4,6,7.5,8.1,38200,64030,4.2,21,0.95,2.44,550,1600,900,1600,2012,2012
101,2812,CREEKS AND SEA WATER,MAHARASHTRA,24,28,3.6,6.4,7.5,8.1,28420,64570,4,28,0.1,3.23,55,1600,900,1600,2012,2012
102,2813,CREEKS AND SEA WATER,MAHARASHTRA,24,30,3,7.5,7.3,8.6,3735,50220,2.4,8.4,0.46,4.46,2,9,90,170,2012,2012
103,2814,CREEKS AND SEA WATER,MAHARASHTRA,25,30,2.7,7.4,7.1,8.6,2296,48670,2.6,5.4,0.72,4.65,2,6,90,140,2012,2012
104,2815,CREEKS AND SEA WATER,MAHARASHTRA,24,30,3.6,7.1,7,8.8,2724,49920,2,9.8,0.49,4.56,4,9,110,220,2012,2012
105,2439,CREEKS AND SEA WATER,ORISSA,21,31,5.8,11.4,7.8,8.3,28050,58400,0.2,3,0.52,1.1,20,2400,20,3500,2012,2012
106,2440,CREEKS AND SEA WATER,ORISSA,22,34,5.7,8.4,7.7,8.4,28110,57120,0.3,2.8,0.48,2.47,20,230,45,490,2012,2012
107,2441,CREEKS AND SEA WATER,ORISSA,24,32,5.4,8.8,7.5,8.3,29980,57570,0.7,3.8,0.15,1.91,20,490,45,790,2012,2012
108,2932,CANAL,RAJASTHAN,18,34,3.6,9.3,7.3,8.9,250,1070,0.5,1.3,0.48,3.36,4,4,4,9,2013,2013
109,3067,DRAINS,ANDHRA PRADESH,25,27,5.6,6.2,6.6,7.7,298,788,1.2,1.2,4.94,15.6,3,93,,,2013,2013
110,2267,CREEKS AND SEA WATER,GOA,28,34,3.2,7.6,6.6,8.9,11,821,0.7,21.3,12.76,56,450,24000,400,35000,2013,2013
111,2081,CREEKS AND SEA WATER,GUJARAT,26,34,1.5,8,7.2,8.5,,,0.8,4,,,,,,,2013,2013
112,3196,CREEKS AND SEA WATER,GUJARAT,24,32,2.6,5.4,7.4,8.5,,,0.8,2,,,,,,,2013,2013
113,1316,CREEKS AND SEA WATER,MAHARASHTRA,20,26,3.9,6.6,7.3,8.6,240,39150,4.6,14,3.8,5.53,275,550,425,900,2013,2013
114,2439,CREEKS AND SEA WATER,ORISSA,22,34,5.7,7.8,7.9,8.4,28760,52390,0.6,2.6,1.005,3.3,20,790,45,2200,2013,2013
115,1318,CREEKS AND SEA WATER,MAHARASHTRA,26,27,1.7,6.5,7,8,527,50560,4.8,16,1.8,6.88,25,1600,85,1600,2013,2013
116,1317,CREEKS AND SEA WATER,MAHARASHTRA,26,32,1.8,6.4,7,8,533,50630,4.8,18,0.2,4.56,275,550,900,900,2013,2013
117,2785,CREEKS AND SEA WATER,MAHARASHTRA,27,30,,,5.4,7.8,3760,7462,140,650,2.1,21.23,275,900,425,1600,2013,2013
118,2793,CREEKS AND SEA WATER,MAHARASHTRA,22,26,3.5,6.6,7.1,8,650,35990,4.4,14,3.8,7,110,550,425,900,2013,2013
119,2791,CREEKS AND SEA WATER,MAHARASHTRA,20,35,2.5,7.3,6.8,7.6,148,6090,3.2,12,2.3,2.6,275,900,550,1600,2013,2013
120,2792,CREEKS AND SEA WATER,MAHARASHTRA,21,26,1.8,6.7,7.3,7.5,247,38070,4.2,16,5.7,9.6,170,550,350,900,2013,2013
121,2794,CREEKS AND SEA WATER,MAHARASHTRA,22,26,3.8,6.2,7.4,8.2,254,30830,4.4,48,5.7,8.32,170,1600,550,1600,2013,2013
122,2795,CREEKS AND SEA WATER,MAHARASHTRA,22,26,3.7,6.1,7.3,7.8,238,39840,4.4,14,6.3,12.23,225,550,550,1600,2013,2013
123,3066,DRAINS,ANDHRA PRADESH,21,23,3.2,4.2,6.8,8.2,1020,1551,1.8,4,0.82,1.56,4,7,1200,2600,2013,2013
124,3065,DRAINS,ANDHRA PRADESH,30,30,0,0,8.4,8.5,1325,1426,23,26,,,500,500,1600,1600,2013,2013
125,3064,DRAINS,ANDHRA PRADESH,29,30,0,0,8.3,8.4,1189,1264,21,23,,,900,900,1600,1600,2013,2013
126,3063,DRAINS,ANDHRA PRADESH,27,30,5.2,6.2,7.5,8.1,1737,2656,35,96,3,18,25,62,370,464,2013,2013
127,3062,DRAINS,ANDHRA PRADESH,25,29,0.8,1.8,7.9,8,1800,1900,43,45,,,900,900,1600,1600,2013,2013
128,3061,DRAINS,ANDHRA PRADESH,23,29,1.1,2.2,7.8,8.1,1660,1755,36,40,,,350,500,900,900,2013,2013
129,2796,CREEKS AND SEA WATER,MAHARASHTRA,22,26,4.3,7,7.5,7.8,237,39630,3.6,12,6.2,6.2,275,550,550,900,2013,2013
130,3060,DRAINS,ANDHRA PRADESH,26,31,2,3.3,7.8,8.4,1540,1561,12,24,,,900,900,1600,1600,2013,2013
131,3059,DRAINS,ANDHRA PRADESH,29,29,2.6,3.2,8.3,8.3,1824,2270,16,30,,,350,350,900,1600,2013,2013
132,3058,DRAINS,ANDHRA PRADESH,26,30,2,2,7.4,7.7,1026,1222,16,32,,,900,900,1600,1600,2013,2013
133,3057,DRAINS,ANDHRA PRADESH,23,29,0.2,3.2,7.8,8.2,1092,1200,26,40,,,300,1600,900,1600,2013,2013
134,3056,DRAINS,ANDHRA PRADESH,24,29,2.5,3.6,7.9,8.6,1386,1465,4,10,,,500,900,1600,1600,2013,2013
135,3055,DRAINS,ANDHRA PRADESH,24,30,2.2,2.2,7.8,9.4,1375,1450,40,75,,,900,900,1600,1600,2013,2013
136,3054,DRAINS,ANDHRA PRADESH,30,30,4,4,9.3,10.5,866,1202,14,14,,,500,500,1600,1600,2013,2013
137,3053,DRAINS,ANDHRA PRADESH,25,27,5.2,6,6.9,7.8,860,11610,1.2,1.8,2.04,3,,,75,1100,2013,2013
138,3052,DRAINS,ANDHRA PRADESH,18,23,3,3.8,7.1,7.9,1774,2320,2,2.4,1.28,1.56,2,6,2100,2400,2013,2013
139,3051,CANAL,ANDHRA PRADESH,18,23,3,3.8,6.7,8,1028,1200,2,3,0.58,1,2,4,1400,2200,2013,2013
140,2355,CANAL,ANDHRA PRADESH,25,28,5.6,6.5,6.8,8.1,968,5620,1.2,1.6,2.353,3.32,,,43,240,2013,2013
141,2354,CANAL,ANDHRA PRADESH,25,27,5.4,6.2,6.8,7.2,205,382,1.2,1.2,0.952,1,3,3,240,1100,2013,2013
142,2184,CREEKS AND SEA WATER,MAHARASHTRA,25,30,3.6,5.3,7.2,8.2,1674,49510,6,16,0.3,0.3,225,1600,550,1600,2013,2013
143,2185,CREEKS AND SEA WATER,MAHARASHTRA,20,30,3.8,5.7,7.1,7.9,876,41600,4.6,14,1.8,7,170,1600,550,1600,2013,2013
144,2797,CREEKS AND SEA WATER,MAHARASHTRA,22,26,3.6,7.1,6.7,8,242,39080,4.4,14,5.7,6.3,425,1600,900,1600,2013,2013
145,2798,CREEKS AND SEA WATER,MAHARASHTRA,27,30,3.8,6.2,7.7,8,474,51830,4.4,18,2.2,8.6,25,900,55,1600,2013,2013
146,2799,CREEKS AND SEA WATER,MAHARASHTRA,27,30,3.7,5.3,7.3,8,4780,52080,5,16,2.1,9.4,95,550,225,900,2013,2013
147,2800,CREEKS AND SEA WATER,MAHARASHTRA,27,30,2.2,7.3,6.6,8.1,149,1721,4.6,12,4,4,50,900,140,1600,2013,2013
148,2801,CREEKS AND SEA WATER,MAHARASHTRA,26,28,3.8,7.5,7.7,8.6,320,51308,3.8,34,0.2,1,225,550,900,900,2013,2013
149,2802,CREEKS AND SEA WATER,MAHARASHTRA,26,28,2,6.8,7.7,8.6,317,51230,3.8,14,0.1,1,350,900,900,1600,2013,2013
150,2803,CREEKS AND SEA WATER,MAHARASHTRA,28,30,6.6,7.2,6.7,7.8,120,30980,3,65,3.6,5.56,140,900,275,1600,2013,2013
151,2804,CREEKS AND SEA WATER,MAHARASHTRA,22,25,6.5,7.1,7,8,157,3522,2,3.6,2.73,3.32,4,4,80,120,2013,2013
152,2440,CREEKS AND SEA WATER,ORISSA,21,30,6,8.2,7.5,8.4,18270,55660,0.3,1.4,1.71,2.56,2,160000,2,160000,2013,2013
153,2441,CREEKS AND SEA WATER,ORISSA,23,32,5.8,7.9,7.5,8.4,23624,52790,0.7,3.6,1.46,2.2,20,5400,68,16000,2013,2013
154,2265,CANAL,GOA,28,33,5,8.4,5.7,7.6,51,115,0.1,1.5,0.013,1,33,3500,49,17000,2013,2013
155,2266,CANAL,GOA,24,37,4.5,8.2,5.6,8.3,56,1454,0.2,1.9,0.023,15,78,13000,130,24000,2013,2013
156,2268,CANAL,GOA,26,35,3.7,6.2,5.6,7.8,23,2027,0.6,130,0.07,1,180,4900,180,7900,2013,2013
157,2074,CANAL,GUJARAT,,,,,,,1530,2300,,,,,,,20,940,2013,2013
158,1110,CANAL,HARYANA,26,26,6.7,6.9,7.8,8.1,260,260,1.4,2.3,,,,,,,2013,2013
159,1111,CANAL,HARYANA,23,23,6.8,6.8,7.3,7.3,220,220,1.4,1.4,0.15,1,,,,,2013,2013
160,1112,CANAL,HARYANA,22,22,6.8,6.8,7.3,7.3,210,210,1.1,1.1,0.1,1,,,,,2013,2013
161,1114,CANAL,HARYANA,,,6.3,6.3,8.1,8.1,,,1.2,1.2,,,,,,,2013,2013
162,1115,CANAL,HARYANA,,,,,,,210,210,,,0.2,2,,,,,2013,2013
163,1215,CANAL,HARYANA,,,,,,,,,,,,,,,,,2013,2013
164,1116,CANAL,HARYANA,11,23,7.1,8.3,7.8,8.4,218,218,2,2.3,0.1,,,,,,2013,2013
165,1419,CANAL,HARYANA,22,24,1.2,1.8,7.5,7.8,620,1340,12,36,1.6,2,,,,,2013,2013
166,1885,CANAL,HARYANA,,,6.9,6.9,7.5,7.5,,,1.8,1.8,0.9,1,,,,,2013,2013
167,3461,CANAL,KERALA,26,30,3.3,5.3,6.8,7.8,1100,46000,0.5,2,0.7,3.32,500,11000,700,17000,2013,2013
168,3467,CANAL,KERALA,28,29.5,0.3,7.8,6.2,7.4,210,25880,0.4,7.2,8.62,9.63,11,1100,40,30000,2013,2013
169,3469,CANAL,KERALA,26,29,3.5,7.2,6.2,7.1,30,95,0.7,3.7,0.57,1.57,2,1600,110,4000,2013,2013
170,2428,CANAL,ORISSA,27,35,6.8,8.5,7.5,7.6,152,535,1.4,9.7,1.191,15.8,14000,160000,7900,160000,2013,2013
171,2429,CANAL,ORISSA,27,35,1.9,6.9,7.2,7.9,152,535,2.4,11.9,9.528,19.5,22000,160000,7900,160000,2013,2013
172,2430,CANAL,ORISSA,21,30,0.9,10.3,7.2,8,195,938,1.6,9.8,1.706,5.56,11000,160000,16000,160000,2013,2013
173,2933,CANAL,RAJASTHAN,16.2,31.8,4,7.2,6.7,8.2,230,720,0.4,2.1,0.38,2.23,4,4,4,9,2013,2013
174,2934,CANAL,RAJASTHAN,16.4,31.8,3.8,7.2,6.4,8.2,32,630,0.6,18,0.3,1,4,4,4,14,2013,2013
175,1729,CANAL,TRIPURA,28.5,28.5,0.6,1.2,8.8,8.8,384,390,30,32.4,7.7,8,610,660,780,860,2013,2013
176,2726,CANAL,UTTARANCHAL,14,22,2.6,8.8,7.1,8.5,512,512,1.6,7.8,,,,,50,240,2013,2013
177,2512,CANAL,WEST BENGAL,17,32,0.7,1.5,6.8,7.3,414,2140,6.1,58.8,0.12,1.22,1300000,1100000000,1700000,140000000,2013,2013
178,2513,CANAL,WEST BENGAL,22,34,,,6.4,7.4,660,1092,16.6,134,0.38,2.23,170000,900000000,220000,1600000000,2013,2013
179,3020,CANAL,Tamil Nadu,23,28,3.9,7.3,7.2,8.3,123,470,0.1,1.1,,,48,54000,94,92000,2013,2013
180,3021,CANAL,Tamil Nadu,23,28,4.9,7.9,7.6,8.2,312,490,0.4,0.9,,,110,24000,140,54000,2013,2013
181,2075,DRAINS,GUJARAT,,,,,,,1500,2700,,,,,,,140,9200,2013,2013
182,2178,DRAINS,MAHARASHTRA,23,28,2,5.6,7,8,115,1494,4.6,32,5,5,40,350,90,900,2013,2013
183,2782,DRAINS,MAHARASHTRA,22,25,1.3,1.3,6.8,7.3,472,1582,28,190,3.8,5.56,350,550,550,900,2013,2013
184,2783,DRAINS,MAHARASHTRA,22,25,1.3,2,7,7.5,1150,18100,18,42,1.6,4.89,175,1600,425,1600,2013,2013
185,2784,DRAINS,MAHARASHTRA,21,25,1,1,7.1,7.5,903,2018,30,150,5.6,7.89,350,900,900,1600,2013,2013
186,2785,DRAINS,MAHARASHTRA,27,30,,,5.4,7.8,1030,4409,140,650,5.7,12.3,225,900,425,1600,2013,2013
187,2786,DRAINS,MAHARASHTRA,26,30,1.7,4.7,4.3,7.9,3760,10780,18,280,4.7,15.6,140,425,275,900,2013,2013
188,2787,DRAINS,MAHARASHTRA,27,30,,,5.6,7.8,2988,5334,150,975,0.9,10.63,130,900,275,1600,2013,2013
189,2788,DRAINS,MAHARASHTRA,27,30,,,4.3,7.6,115,1494,210,650,,10,40,350,90,900,2013,2013
190,2789,DRAINS,MAHARASHTRA,30,38,1.9,5.9,8.2,8.9,684,1858,4.6,22.8,0.68,4,225,550,1600,1800,2013,2013
191,2790,DRAINS,MAHARASHTRA,26,27,5.9,6.6,6.4,8.5,153,2309,2.4,3.8,2.73,3,2.33,4,80,140,2013,2013
192,2429,CANAL,ODISHA,23,37,0.8,14.3,7,8.1,146,582,0.8,30.9,0.1,13.4,24000,160000,92000,160000,2014,2014
193,3051,CANAL,ANDHRA PRADESH,23,28,0,5.6,7,8.6,964,1800,1.1,4.8,0.5,1.9,2,4,2100,2600,2014,2014
194,2355,CANAL,ANDHRA PRADESH,20,25,4.8,6,7.5,8,771,52500,1,1.2,0.2,1.7,3,43,3,1100,2014,2014
195,2354,CANAL,ANDHRA PRADESH,20,27,5,5.6,6.8,7.8,209,670,1,1.2,0.1,1.1,9,150,9,1100,2014,2014
196,2267,CREEKS AND SEA WATER,GOA,27.6,34.3,3.9,12.6,6.5,8.5,3,2568,0.7,7.1,0.1,7.8,1300,13000,3300,22000,2014,2014
197,2081,CREEKS AND SEA WATER,GUJARAT,,,,,,,,,,,,,,,,,2014,2014
198,1316,CREEKS AND SEA WATER,MAHARASHTRA,20,24,4,6.4,7.5,8.1,179,51080,5,54,0.5,4.8,17,550,34,920,2014,2014
199,1318,CREEKS AND SEA WATER,MAHARASHTRA,25,31,1.5,6.1,7,7.9,8767,52470,4.8,76,1.4,4.6,45,550,190,1600,2014,2014
200,1317,CREEKS AND SEA WATER,MAHARASHTRA,27,31,2.8,6.3,7.5,8.2,17780,56230,4.8,22,0.9,4.1,210,900,430,1600,2014,2014
201,2793,CREEKS AND SEA WATER,MAHARASHTRA,25,36,1.3,6.4,7,8.1,194,37120,5,64,0.9,6.8,14,550,26,920,2014,2014
202,2791,CREEKS AND SEA WATER,MAHARASHTRA,24,40,2.4,5.9,7,8,132,8407,6.2,46,0.2,4.7,6,280,14,900,2014,2014
203,2792,CREEKS AND SEA WATER,MAHARASHTRA,26,36,4.1,6.2,6.9,7.9,184,30230,5,40,1,6.1,11,550,17,920,2014,2014
204,2794,CREEKS AND SEA WATER,MAHARASHTRA,23,36,2.8,6.2,7.3,7.7,269,32150,5.6,38,1.3,7.3,21,550,34,920,2014,2014
205,2795,CREEKS AND SEA WATER,MAHARASHTRA,27,36,3.4,6.2,7.2,7.8,197,41650,5,52,1.1,6.9,11,350,26,540,2014,2014
206,2796,CREEKS AND SEA WATER,MAHARASHTRA,20,29,4.6,6.8,7.4,8,178,51280,4,15.5,0.5,4.6,10,550,17,900,2014,2014
207,2184,CREEKS AND SEA WATER,MAHARASHTRA,24,25,3,6.5,7.2,8.3,653,50020,5.8,80,0.7,5.9,21,900,38,1600,2014,2014
208,2185,CREEKS AND SEA WATER,MAHARASHTRA,20,30,4.7,5.8,7.2,8.3,803,40880,5.6,72,0.7,3.5,70,350,120,900,2014,2014
209,2797,CREEKS AND SEA WATER,MAHARASHTRA,20,24,4.3,5.9,7.4,8,178,51320,4.8,17,0.5,4.8,11,550,21,920,2014,2014
210,2798,CREEKS AND SEA WATER,MAHARASHTRA,24,33,4.4,6.1,7.7,8.1,3978,55390,5.8,17.5,1,2.9,94,300,130,550,2014,2014
211,2799,CREEKS AND SEA WATER,MAHARASHTRA,25,32,4.4,6,7.6,8,7648,55320,5.8,30,0.8,3,70,750,120,900,2014,2014
212,2800,CREEKS AND SEA WATER,MAHARASHTRA,24,30,0.8,6.3,7.1,8.6,160,45710,4,24,0.2,4.6,6,550,14,1600,2014,2014
213,2801,CREEKS AND SEA WATER,MAHARASHTRA,20,30,3,6.3,7.6,8.2,264,56990,5,27,0.5,4.8,10,900,17,1600,2014,2014
214,2802,CREEKS AND SEA WATER,MAHARASHTRA,20,30,3.2,6.2,7.2,8.1,16620,57050,5,30,0.8,4.8,11,500,45,900,2014,2014
215,2803,CREEKS AND SEA WATER,MAHARASHTRA,25,30,3.3,6.6,6.9,7.8,89,42880,4,22,0.1,1.6,9,350,17,500,2014,2014
216,2804,CREEKS AND SEA WATER,MAHARASHTRA,20,27,5.4,7.5,7.3,7.9,151,11060,2.2,4.8,0.5,2.6,,,60,60,2014,2014
217,2165,CREEKS AND SEA WATER,MAHARASHTRA,26,33,2.8,6.3,7.5,8.1,16830,56400,5,19,1,4.1,170,900,350,1600,2014,2014
218,2166,CREEKS AND SEA WATER,MAHARASHTRA,27,31,2.2,6,7.6,8.2,11360,56930,5,15,0.9,4.8,84,900,150,1600,2014,2014
219,2167,CREEKS AND SEA WATER,MAHARASHTRA,26,32,2.9,6.7,7.3,8,16420,55370,4.4,28,0.9,4.3,170,900,350,1600,2014,2014
220,2169,CREEKS AND SEA WATER,MAHARASHTRA,20,30,2.1,6.8,7.2,8,16340,57430,5.2,18,0.5,4.4,280,900,540,1600,2014,2014
221,2805,CREEKS AND SEA WATER,MAHARASHTRA,20,26,4,6.7,7.5,8.1,182,51390,4.4,16,0.2,4.9,17,900,33,1600,2014,2014
222,2806,CREEKS AND SEA WATER,MAHARASHTRA,20,24,3.4,6.4,7.5,8.1,181,51360,4,9.5,0.3,4.9,17,550,38,920,2014,2014
223,2807,CREEKS AND SEA WATER,MAHARASHTRA,25,30,0,6.7,7.6,7.9,9292,55810,6,600,0.9,2.8,32,900,49,1600,2014,2014
224,2808,CREEKS AND SEA WATER,MAHARASHTRA,26,32,2.7,6.4,7.5,8.2,17760,56880,4.8,16,1.1,4.3,170,900,430,1600,2014,2014
225,2809,CREEKS AND SEA WATER,MAHARASHTRA,27,31,2.2,6.2,7.7,8.3,11570,57040,5,16,0.9,4.3,120,900,210,1600,2014,2014
226,2810,CREEKS AND SEA WATER,MAHARASHTRA,25,31,0,6.6,7.2,8.2,11330,55180,4,26,0.9,4.2,70,900,120,1600,2014,2014
227,2811,CREEKS AND SEA WATER,MAHARASHTRA,24,31,1.8,6.1,7,8.1,8611,55150,4.6,19,0.9,4.4,170,900,300,1600,2014,2014
228,2812,CREEKS AND SEA WATER,MAHARASHTRA,20,30,2.5,6.6,7.7,8.2,15870,58950,5.4,16,0.8,4.4,500,900,900,1600,2014,2014
229,2813,CREEKS AND SEA WATER,MAHARASHTRA,22,24,5.1,6.8,7.2,8.2,33540,66360,3.6,9,2.9,5.4,,,80,80,2014,2014
230,2814,CREEKS AND SEA WATER,MAHARASHTRA,22,25,5,7,7.3,8.2,34220,68020,3.4,6.4,2.8,7,,,90,90,2014,2014
231,2815,CREEKS AND SEA WATER,MAHARASHTRA,22,26,5.2,6.8,7.4,8.2,33470,65600,3.6,6.6,3,6.7,,,110,110,2014,2014
232,2439,CREEKS AND SEA WATER,ODISHA,20,35,5.4,7.2,7.7,8.5,28120,58620,0.4,2.6,0.1,2.5,20,2400,20,3500,2014,2014
233,2440,CREEKS AND SEA WATER,ODISHA,24,34,5.2,7.5,7.7,8.4,30320,58340,0.4,2.3,0.4,1.9,20,130,20,490,2014,2014
234,2441,CREEKS AND SEA WATER,ODISHA,20,32,4.7,6.5,7.6,8.6,32800,54410,1,3.5,0.1,1.4,20,78,20,330,2014,2014
235,2057,CANAL,DELHI,,,,,,,,,,,,,,,,,2014,2014
236,2265,CANAL,GOA,27,32.5,4.4,9.1,5.6,6.9,22,66,0.3,4.1,,2.1,130,3500,330,7000,2014,2014
237,2266,CANAL,GOA,28,33,4.2,8.7,5.6,7.1,27,634,0.1,3.5,,5.7,230,4900,330,9200,2014,2014
238,2268,CANAL,GOA,28,32.2,3.4,6.3,5.5,7.4,10,2318,1.2,5.7,,0.6,450,17000,450,35000,2014,2014
239,1111,CANAL,HARYANA,24,24,6.4,6.4,7.7,7.7,214,214,2.2,2.2,,,,,,,2014,2014
240,1112,CANAL,HARYANA,24,24,6.2,6.2,7.8,7.8,210,210,1.8,1.8,,,,,,,2014,2014
241,1115,CANAL,HARYANA,24,24,6.3,6.3,7.7,7.7,216,216,2,2,,,,,,,2014,2014
242,1116,CANAL,HARYANA,,,7.2,7.2,8.3,8.3,270,270,2.1,2.1,,,,,,,2014,2014
243,1419,CANAL,HARYANA,32,32,1.4,1.4,7.7,7.7,107,107,38,38,1.2,1.2,,,,,2014,2014
244,3461,CANAL,KERALA,25,30,1.5,7.1,6.8,8.1,272,53320,0.8,3,,1.2,310,7900,430,9200,2014,2014
245,3467,CANAL,KERALA,25,29,1,6.1,3,7.2,74,3016,0.5,6.8,0.1,2,2,920,7,1100,2014,2014
246,3469,CANAL,KERALA,24,29.7,2,5.6,6,7.7,55,140,0.6,4,0.1,1.9,14,3100,49,3500,2014,2014
247,2428,CANAL,ODISHA,25,37,6.1,8.3,7.3,8.3,145,230,0.8,2.4,0.1,2.1,790,160000,1400,160000,2014,2014
248,2430,CANAL,ODISHA,25,34,0.1,6.8,7,7.9,162,2142,0.7,17.6,0.3,3.8,2200,160000,9200,160000,2014,2014
249,2932,CANAL,RAJASTHAN,9,28.5,5.7,12,7.6,8.8,150,840,0.3,1.8,0.5,0.8,,,4,14,2014,2014
250,2933,CANAL,RAJASTHAN,15.7,33.5,4.8,7.5,6.4,8.2,180,320,0.4,2.7,0.3,1,4,20,4,1100,2014,2014
251,2934,CANAL,RAJASTHAN,13.4,31.9,4.8,7.6,6.2,8.2,200,310,0.4,3.4,0.4,1.1,4,39,4,460,2014,2014
252,1729,CANAL,TRIPURA,27,28,0.9,1.1,8.8,8.9,380,388,29.6,32,7.1,7.4,620,670,730,840,2014,2014
253,2726,CANAL,UTTARAKHAND,15,22,7.8,8.6,7.5,7.9,,,1.4,2.2,,,,,26,170,2014,2014
254,3054,DRAINS,ANDHRA PRADESH,25,30,0,6.5,7.9,11.1,889,1106,4,48,,,,,,,2014,2014
255,2512,CANAL,WEST BENGAL,21,32,0,12.6,7.2,9.8,310,1940,5,77,,0.8,2000,140000000,7000,170000000,2014,2014
256,2513,CANAL,WEST BENGAL,20,32,0,7.4,7,7.9,69,1176,1.7,132,,1,1700,900000000,4000,1600000000,2014,2014
257,2178,DRAINS,MAHARASHTRA,18,27,3.1,6.2,7.1,8.3,372,1271,3,14,0.2,2.8,9,190,80,350,2014,2014
258,2782,DRAINS,MAHARASHTRA,28,36,,,6.8,8.3,293,17810,4,140,0.1,10,14,550,26,900,2014,2014
259,2783,DRAINS,MAHARASHTRA,25,36,,,7.1,7.6,546,23880,4,58,0.1,8.2,11,550,21,900,2014,2014
260,2784,DRAINS,MAHARASHTRA,24,36,0,6.1,7.1,8.3,594,17280,5,150,0.2,6.4,11,350,26,550,2014,2014
261,2785,DRAINS,MAHARASHTRA,24,30,0,4.4,6.6,8.4,509,9384,6,900,0.1,7.9,70,900,170,1600,2014,2014
262,2786,DRAINS,MAHARASHTRA,24,30,0,5.9,7,8.2,806,6154,6.6,430,0.8,9,20,900,38,1600,2014,2014
263,2787,DRAINS,MAHARASHTRA,25,30,0,5.8,1,8.4,3345,37800,5.5,410,0.9,3.3,26,900,58,1600,2014,2014
264,2788,DRAINS,MAHARASHTRA,24,30,0,5.9,0.4,7.8,816,173700,5.6,440,1,10.7,14,900,24,1600,2014,2014
265,2789,DRAINS,MAHARASHTRA,31,32,0,7.1,7.4,8.7,473,3489,3.8,24.5,1.5,3.5,150,425,900,1800,2014,2014
266,2790,DRAINS,MAHARASHTRA,21,24,5.1,6.9,5.7,7.4,1452,1830,2.4,4.6,0.4,2.4,4,4,170,170,2014,2014
267,3053,DRAINS,ANDHRA PRADESH,18,26,4.8,5.8,7,7.9,936,10180,1,1.4,0.2,2.4,3,15,4,43,2014,2014
268,3052,DRAINS,ANDHRA PRADESH,24,29,0,6.6,6.9,8.3,1703,2740,0.9,4.4,,1.8,2,4,2100,2600,2014,2014
269,3067,DRAINS,ANDHRA PRADESH,24,27,5,5.8,6.7,8.1,263,822,1,1,0.2,4,4,150,11,2400,2014,2014
270,3066,DRAINS,ANDHRA PRADESH,20,27,0,4.8,6.8,8,968,1558,5.2,16.2,1.1,2.8,4,8,2100,2600,2014,2014
271,3065,DRAINS,ANDHRA PRADESH,25,29,0,0,7.2,8.1,981,1214,14,48,,,,,,,2014,2014
272,3064,DRAINS,ANDHRA PRADESH,25,30,0,0,7.3,8.1,965,1349,15,23,,,,,,,2014,2014
273,3063,DRAINS,ANDHRA PRADESH,25,32,0,0,7.2,7.9,1806,3050,2.8,28,4,14,162,210,240,328,2014,2014
274,3062,DRAINS,ANDHRA PRADESH,25,30,0,2,7.4,8.2,1585,1867,23,105,,,,,,,2014,2014
275,3061,DRAINS,ANDHRA PRADESH,25,30,0,1.5,7.2,8,1207,1988,30,56,,,,,,,2014,2014
276,3060,DRAINS,ANDHRA PRADESH,26,30,0,2.5,7.2,8.5,1510,2190,20,52,,,,,,,2014,2014
277,3059,DRAINS,ANDHRA PRADESH,26,29,0,3.5,7.7,8.6,1600,1823,22,82,,,,,,,2014,2014
278,3058,DRAINS,ANDHRA PRADESH,26,30,2.1,4.9,7.4,8.2,894,985,8,30,,,,,,,2014,2014
279,3057,DRAINS,ANDHRA PRADESH,26,31,0,3.5,7.3,8,1088,1440,28,48,,,,,,,2014,2014
280,3056,DRAINS,ANDHRA PRADESH,25,30,0,2.2,7.1,7.7,1022,1842,18,105,,,,,,,2014,2014
281,3055,DRAINS,ANDHRA PRADESH,25,30,0,5.1,7.2,8,1210,1517,20,65,,,,,,,2014,2014
282,1886,CANAL,HARYANA,,,6.4,8.2,7.2,8.1,169,350,0.8,5.2,,,,,,,2016,2016
283,2056,CANAL,HARYANA,,,6.3,6.8,7.3,7.8,218,340,1.2,5,,,,,,,2016,2016
284,3461,CANAL,KERALA,27,34,2.2,6.4,6.7,7.9,1710,44800,0,1.7,,0.6,,1600,,2200,2016,2016
285,3467,CANAL,KERALA,26,32.1,0.7,4.1,3,7.2,1122,19970,0.5,2.5,0.2,10.7,170,1340,440,1800,2016,2016
286,3469,CANAL,KERALA,24.5,30.1,2.3,5.9,6.1,7.2,68,158,0.5,2.6,0.2,1.3,80,600,120,1020,2016,2016
287,1316,CREEK,MAHARASHTRA,28,29,3.7,5.4,6.7,7.9,12010,56350,5.2,18,0.5,4.4,79,920,240,1600,2016,2016
288,1317,CREEK,MAHARASHTRA,27,35,3.9,5.6,6.7,8,23460,59050,8,20,0.6,3.7,170,1600,280,1600,2016,2016
289,1318,CREEK,MAHARASHTRA,27,34,3,5.1,7.1,8.7,10300,60520,7.4,19,0.3,8,94,920,220,1600,2016,2016
290,2184,CREEK,MAHARASHTRA,23,25,3.5,5,7,8.1,939,52900,7.4,26,1.4,8.3,49,540,220,1600,2016,2016
291,2185,CREEK,MAHARASHTRA,27,38,3.2,5.9,6.9,8,679,52680,5,17,1.3,5.3,110,540,220,920,2016,2016
292,2791,CREEK,MAHARASHTRA,28,35,3.2,5.2,6.6,8,156,19050,4.6,42,0.8,9.5,110,920,220,1600,2016,2016
293,2792,CREEK,MAHARASHTRA,26,33,3.6,5.1,7.1,8.2,229,38669,5.6,16,1.5,7.2,49,540,220,1600,2016,2016
294,2793,CREEK,MAHARASHTRA,26,34,4.2,5.6,7.1,8.1,239,39820,6,13,1.4,6.3,79,920,210,1600,2016,2016
295,2794,CREEK,MAHARASHTRA,26,34,4.2,5.3,7,8.1,249,39280,5.8,12,1.3,6.4,110,920,220,1600,2016,2016
296,2795,CREEK,MAHARASHTRA,26,34,3.8,5.2,7.2,8,241,39630,5.8,20,,6.2,46,920,170,1600,2016,2016
297,2796,CREEK,MAHARASHTRA,27,30,3.8,6.6,7.1,8.2,231,52310,4,17,0.9,4.8,46,920,170,1600,2016,2016
298,2797,CREEK,MAHARASHTRA,27,29,4,5.6,7.1,8.4,321,52720,6.8,16,0.9,4.4,49,920,210,1600,2016,2016
299,2798,CREEK,MAHARASHTRA,22,29,3.4,7.1,7,8.4,278,53790,4,20,0.7,3.6,79,540,210,920,2016,2016
300,2799,CREEK,MAHARASHTRA,22,29,3.2,5.1,7.1,8.4,31180,53870,5.8,18,0.9,4,70,540,210,920,2016,2016
301,2800,CREEK,MAHARASHTRA,22,29,3.4,7,7.4,8.6,135,46740,3,18,0.2,1.9,70,280,220,350,2016,2016
302,2801,CREEK,MAHARASHTRA,20,26,3.6,5.8,6.8,8.2,120,62760,7,17,0.7,4.6,70,240,220,540,2016,2016
303,2802,CREEK,MAHARASHTRA,20,26,3.6,5.7,7,8.2,16470,62290,7.6,18,0.8,4.2,79,220,240,540,2016,2016
304,2803,CREEK,MAHARASHTRA,20,28,0.8,5.8,6.6,7.6,126,46830,6,52,0.9,12.2,8,920,23,1600,2016,2016
305,2804,CREEK,MAHARASHTRA,22,30,4.8,7.5,6.7,7.5,98,29340,2,5.2,0.1,3.4,,,,,2016,2016
306,2178,DRAIN,MAHARASHTRA,20,28,3.2,7,6.6,8.6,178,1539,2,60,,1.5,2,14,60,350,2016,2016
307,2782,DRAIN,MAHARASHTRA,26,34,2.2,4.4,6.9,8.2,348,40450,15,90,0.7,8.9,110,1600,350,1600,2016,2016
308,2783,DRAIN,MAHARASHTRA,26,34,1,4.2,6.8,8.2,277,40570,8,90,1.1,7.2,240,920,350,1600,2016,2016
309,2784,DRAIN,MAHARASHTRA,26,34,1.7,5.1,7,8.4,622,17020,12,300,0.9,5.1,350,1600,920,1600,2016,2016
310,2785,DRAIN,MAHARASHTRA,23,29,,,6.5,8.4,1574,15600,65,875,0.5,23.1,540,1600,920,1600,2016,2016
311,2786,DRAIN,MAHARASHTRA,24,27,2.1,5.8,5.7,7.7,583,5448,5,800,1.1,3.9,140,920,280,1600,2016,2016
312,2787,DRAIN,MAHARASHTRA,25,27,1.9,1.9,5.6,6.9,1045,4874,38,825,0.8,4,350,920,540,1600,2016,2016
313,2788,DRAIN,MAHARASHTRA,25,27,1.4,2.3,5.5,7,1151,5228,30,750,0.6,3.7,350,920,540,1600,2016,2016
314,2789,DRAIN,MAHARASHTRA,25,25,5.5,5.5,7.4,7.4,398,398,4,4,0.4,0.4,275,275,900,900,2016,2016
315,2790,DRAIN,MAHARASHTRA,25,31,5.4,7.2,4.7,7.6,442,1958,2,3,0.2,1,,,,,2016,2016
316,2836,CANAL,Manipur,26,30,4.2,6.9,6.4,7.5,99,251,0.9,4.3,,,,,15,35,2016,2016
317,2853,DRAIN,Manipur,27,27,10.4,10.4,7.1,7.1,136,136,1,3.3,,,,,20,20,2016,2016
318,2859,DRAIN,Manipur,26,30,5.7,11.1,7.5,7.9,46,300,1,6.6,,,,,5,90,2016,2016
319,2877,DRAIN,Manipur,25,33,5.1,9.9,7.2,8.7,136,395,0.7,1.8,,,,,10,10,2016,2016
320,2428,CANAL,ODISHA,23,31,6.1,7.6,7.8,8.4,166,235,0.4,1.3,0.2,0.8,2300,14000,3300,22000,2016,2016
321,2429,CANAL,ODISHA,22,32,5.9,7.6,7.4,8.5,162,204,1,3.1,0.1,3.8,92000,160000,160000,170000,2016,2016
322,2430,CANAL,ODISHA,23,36,4.9,9.6,7.4,8.5,174,9548,1.4,5.3,,1.5,7900,54000,13000,92000,2016,2016
323,2439,CREEK,ODISHA,24,39,5.1,6.9,7.8,8.5,36000,63740,0.3,2.3,0.5,3.6,20,16000,78,16000,2016,2016
324,2440,CREEK,ODISHA,23,33,5.8,7.1,7.7,8.3,30960,62670,0.8,2.7,0.1,1.8,20,230,20,230,2016,2016
325,2441,CREEK,ODISHA,21,33,5.5,6.7,7.7,8.5,31920,62680,0.5,1.4,0.6,2.1,20,270,20,330,2016,2016
326,2906,DRAIN,PUNJAB,16,36,,,7.1,7.8,1359,7260,40,130,0.4,55.1,3300,12000,17000,43000,2016,2016
327,2907,DRAIN,PUNJAB,11,26,,,6.6,7.3,895,1360,54,88,3.8,6,219,4900,7900,14000,2016,2016
328,2908,INDUSTRIAL DRAIN,PUNJAB,18,36,1.2,6.2,6.4,8.3,926,2790,10,440,,11.1,1700,4000,7000,28000,2016,2016
329,2909,INDUSTRIAL DRAIN,PUNJAB,16.5,36,,,7.4,8,1726,7040,34,70,,55.3,2100,5800,9400,28000,2016,2016
330,2910,INDUSTRIAL DRAIN,PUNJAB,12,24,,,6.7,7.5,1056,1358,64,82,4.8,6.9,2600,3800,7900,11000,2016,2016
331,2911,INDUSTRIAL DRAIN,PUNJAB,24,24,,,7.8,7.8,837,837,12,12,2.8,2.8,1200,1200,3900,3900,2016,2016
332,2932,CANAL,RAJASTHAN,18,33,4.2,7.7,7.3,9,180,740,0.8,2,0.2,1.8,4,7,4,150,2016,2016
333,2933,CANAL,RAJASTHAN,14,32.9,4.6,6.8,7.5,8.6,190,290,0.7,2.2,0.1,1.7,7,20,20,1100,2016,2016
334,2934,CANAL,RAJASTHAN,16,32.8,4.2,6.2,7.6,8.6,220,350,0.6,1.7,0.1,1.8,4,28,11,460,2016,2016
335,1729,CANAL,TRIPURA,26,29,0.6,0.9,8.1,9.1,218,399,18.6,30.3,2.2,4.4,400,540,920,920,2016,2016
336,3387,CANAL,TRIPURA,25,28,5.4,6.3,7.2,7.6,113,153,2.1,3.1,0.3,0.5,220,350,350,430,2016,2016
337,2049,DRAIN,CHANDIGARH,19,34,1.6,3.2,6.8,8,404,1100,18,47,0.9,13.8,3.9,1213560,5,7627701,2016,2016
338,3388,CANAL,TRIPURA,25.5,30,5.2,6.2,6.5,7.3,54,93,1.1,1.4,0.6,1.4,200,350,350,430,2016,2016
339,3389,CANAL,TRIPURA,25.5,28,6,6.4,7,7.9,119,161,0.2,2.9,0.3,0.5,200,280,350,430,2016,2016
340,3390,CANAL,TRIPURA,26,28.5,3.7,4.4,7,8,107,147,1.4,2.5,0.3,0.6,220,350,350,430,2016,2016
341,2726,CANAL,UTTARAKHAND,16,20,8.6,10.8,7.4,7.9,,,1,1,,,,,40,110,2016,2016
342,2512,CANAL,WEST BENGAL,20,37,,,6.9,8.1,334,1738,6,46,,2,300000,9000000,1400000,16000000,2016,2016
343,2513,CANAL,WEST BENGAL,23,33,,,7,7.8,674,1113,24.4,86.9,,1.7,1100000,9000000,2200000,16000000,2016,2016
344,3063,DRAIN,TELANGANA,29,29,,,7.1,8.7,520,1050,17,22,,11.1,14,14,82,82,2016,2016
345,3062,DRAIN,TELANGANA,26,28,2.2,2.6,7.3,8.1,1432,1634,8,23,,,,,,,2016,2016
346,3061,DRAIN,TELANGANA,25,29,1.3,3.4,7,8.3,920,1675,10,20,,,,,,,2016,2016
347,3060,DRAIN,TELANGANA,25,28,1.8,3.5,7.1,8.2,1323,1639,12,24,,,,,,,2016,2016
348,3059,DRAIN,TELANGANA,22,32,1.7,3.8,7.4,8.4,1552,1798,6,27,,,,,,,2016,2016
349,2048,DRAIN,CHANDIGARH,19,33,,,7.2,7.8,784,1150,63,417,0.2,13,38376,40000000,121356,1400000,2016,2016
350,3058,DRAIN,TELANGANA,25,28,2.4,4,6.3,8.8,860,1136,6,20,,,,,,,2016,2016
351,3057,DRAIN,TELANGANA,22,29,2.1,3.8,7.2,8.3,1136,1371,8,22,,,,,,,2016,2016
352,3055,DRAIN,TELANGANA,25,30,1.2,3.4,7.1,7.9,1172,1543,10,26,,,,,,,2016,2016
353,3054,DRAIN,TELANGANA,25,27,1.8,5,7.7,8.9,714,1023,3,20,,2.5,20,20,30,30,2016,2016
354,3067,DRAIN,ANDHRA PRADESH,27,32,5.1,6.5,5.8,7.6,197,447,1,3.4,0.5,1.7,9,23,93,460,2016,2016
355,3053,DRAIN,ANDHRA PRADESH,24,30,5.3,6.4,6.2,7.5,1093,24500,1,4.5,0.8,3.3,7,93,75,4800,2016,2016
356,3052,DRAIN,ANDHRA PRADESH,23,27,3.6,4.5,6.7,8,940,2510,1.5,18,1.3,27.5,2,7,1700,2600,2016,2016
357,3051,CANAL,ANDHRA PRADESH,23,28,3.1,5.5,6.9,8.6,461,1441,1.4,6.8,0.3,20,2,4,800,2600,2016,2016
358,2355,CANAL,ANDHRA PRADESH,24,30,4.6,6.8,6.6,8.1,1223,31700,1.2,3.8,0.8,3.6,4,21,39,4800,2016,2016
359,2047,DRAIN,CHANDIGARH,21,32,2.5,7.6,7,7.9,456,746,8,35,0.3,8.1,5.4,1800000,8,12135598,2016,2016
360,3064,DRAIN,TELANGANA,26,28,0.6,2.6,7.1,8.6,739,1598,12,92,,9.7,,,,,2016,2016
361,3065,DRAIN,TELANGANA,24,29,0.5,0.5,7,8.5,790,1159,10,90,,11.7,,,,,2016,2016
362,2268,CANAL,GOA,27,32.4,4.4,7.9,5.8,7.6,39,59360,0.4,4.6,,4,78,1700,130,7000,2016,2016
363,3066,DRAIN,TELANGANA,20,26,0,3.2,7.1,8.1,835,1118,26,112,,47,,,,,2016,2016
364,2266,CANAL,GOA,26.3,31.9,4,8.6,5.5,9,21,37700,0.4,2.8,,6.9,49,3500,130,9200,2016,2016
365,2265,CANAL,GOA,26,31.6,4.2,12.8,6.3,9.2,15,81,0.5,2.3,,0.7,78,2400,170,5400,2016,2016
366,2267,CREEK,GOA,26.7,31.5,2.9,10,6.1,8.1,10,22450,0.6,5.4,0.1,28.4,230,11000,330,17000,2016,2016
367,2073,CANAL,GUJARAT,28,33,4.1,9.4,7.5,8.4,204,293,0.9,3,,0.2,2,25,4,120,2016,2016
368,2074,CANAL,GUJARAT,28,32,6.9,8.1,7.5,8.5,262,510,0.8,1.6,0.1,0.6,13,79,32,350,2016,2016
369,2080,CREEK,GUJARAT,27,31,3.7,8,7.1,8.2,625,4466,0.8,3,,0.5,5,426,17,426,2016,2016
370,2081,CREEK,GUJARAT,27,32,1.5,5.4,7.2,8.3,640,2220,0.2,56,0.1,1.8,49,1100,260,17000,2016,2016
371,3196,CREEK,GUJARAT,28,31,1.1,7.4,7.2,8.3,385,3020,0.6,23,0.1,0.8,17,330,70,3300,2016,2016
372,1109,CANAL,HARYANA,,,6.12,8.6,6.12,8.13,155,718,1.8,4.5,,,,,,,2016,2016
373,1110,CANAL,HARYANA,,,6.4,6.4,7.21,7.74,190,333,1.8,4.2,,,,,,,2016,2016
374,1111,CANAL,HARYANA,,,5.14,7.02,6.1,8.26,200,760,1.3,16,,,,,,,2016,2016
375,1112,CANAL,HARYANA,,,5.38,7.01,6.4,8.2,209,680,0.8,14,,,,,,,2016,2016
376,1113,CANAL,HARYANA,,,6.54,6.54,7.2,7.79,189,212,2.4,3.8,,,,,,,2016,2016
377,1114,CANAL,HARYANA,,,6.1,7.8,7.04,8.83,193,297,1.85,2.82,,,,,,,2016,2016
378,1115,CANAL,HARYANA,,,5.1,7.04,6.9,8.38,207,810,1.22,18,,,,,,,2016,2016
379,1116,CANAL,HARYANA,,,6.2,10.08,7.4,8.53,179,311,0.74,2.84,,,,,,,2016,2016
380,1419,CANAL,HARYANA,18,42,2,3,7.3,8,690,3280,22,42,,3.2,,,,,2016,2016
381,2074,CANAL,GUJARAT,29,32,5,7.7,7.4,8.5,255,1120,1,1.2,0.12,0.55,8,33,17,79,2017,2017
382,1112,CANAL,HARYANA,,,4.4,9.6,7.3,7.9,173,266,0.8,2,,,90,630,840,1700,2017,2017
383,3950,CANAL,ODISHA,28,32,6.1,7.4,7.5,8.4,158,239,1,3.9,0.13,1.02,17000,160000,35000,160000,2017,2017
384,2057,CANAL,DELHI,18.2,30,0.8,1.3,7.3,7.8,1180,1570,22,60,,,140000,5400000,330000,9200000,2017,2017
385,2265,CANAL,GOA,27,32,7,9.6,6.1,7.1,45,128,0.7,4.9,,1.45,790,3500,1300,5400,2017,2017
386,2266,CANAL,GOA,28,32,4.9,9.3,4.6,8.1,52,1572,0.3,3.6,0.01,6.72,130,5400,230,9200,2017,2017
387,2268,CANAL,GOA,27.2,35.5,3.2,7.6,6.2,7.7,518,51040,0.5,3.9,0.08,0.83,78,4900,130,7900,2017,2017
388,2073,CANAL,GUJARAT,26,31,4.6,9.6,8.1,8.5,221,332,0.6,2,0.03,0.9,2,4,2,14,2017,2017
389,1109,CANAL,HARYANA,,,6.1,6.7,6.9,7.9,137,307,2.2,12,,,700,1700,1410,22100,2017,2017
390,1110,CANAL,HARYANA,,,,,7.3,7.5,162,252,2.4,2.6,,,900,900,4600,4600,2017,2017
391,1111,CANAL,HARYANA,,,5.2,9.6,7,8,173,264,0.8,2.6,,,120,500,840,2600,2017,2017
392,1114,CANAL,HARYANA,,,4.7,8.4,7,8,180,2670,1,18,,,800,1410,1720,4000,2017,2017
393,1115,CANAL,HARYANA,,,5.9,9.4,7.1,8,174,264,1.2,2.8,,,110,700,760,3300,2017,2017
394,1116,CANAL,HARYANA,,,6.8,8.6,7.2,8.3,146,264,1.2,4.8,,,600,4600,940,7600,2017,2017
395,1419,CANAL,HARYANA,17,29,2.5,3.3,6.5,8.1,490,2130,28,52,3.4,400.2,,,,,2017,2017
396,1886,CANAL,HARYANA,,,5.9,6.8,7.2,8,135,299,0.8,4.5,,,330,1300,790,5800,2017,2017
397,2056,CANAL,HARYANA,,,,,6.6,7.3,174,281,1.6,4.8,,,1700,1700,4900,4900,2017,2017
398,3461,CANAL,KERALA,26,237,1.3,7.3,6.5,8,910,49600,0.5,4.4,0.03,0.68,30,10000,170,14000,2017,2017
399,3467,CANAL,KERALA,26,32.5,0,6.6,6.3,7.1,212,37630,0.4,3.2,0.29,4.2,700,120000,1380,140000,2017,2017
400,3469,CANAL,KERALA,26,29.7,1.3,3.8,6.4,7.1,60,102,1.4,3.9,0.19,0.96,200,49000,480,70000,2017,2017
401,2836,CANAL,MANIPUR,21.3,22.6,6.9,7.3,6.9,7.7,120,145,1.6,2,,,,,230,350,2017,2017
402,2428,CANAL,ODISHA,26,33,6.6,9,7.5,8.4,117,220,0.3,1.6,0.12,0.99,1300,16000,2400,16000,2017,2017
403,2429,CANAL,ODISHA,27,32,4,7.6,7.2,8.4,161,253,1.1,2.8,0.21,1.17,3300,160000,4900,160000,2017,2017
404,2790,DRAIN,MAHARASHTRA,25,35,6.2,7.1,4.4,8.6,235,1751,2,2.8,0.19,0.98,,,,,2017,2017
405,2430,CANAL,ODISHA,22,32,3.6,8,7.3,8.5,169,18370,0.5,5.8,0.03,3.54,790,160000,2200,160000,2017,2017
406,20021,STP,PUNJAB,,,,,6.7,8,,,14,227,,,,,,,2017,2017
407,3951,CANAL,ODISHA,28,32,5.3,7.4,7.4,8.4,165,230,1.4,3.9,0.15,1.03,5400,160000,13000,160000,2017,2017
408,3952,CANAL,ODISHA,27,31,4.9,8.4,7.4,8.5,163,239,0.9,1.7,0.22,2.05,4900,92000,4900,160000,2017,2017
409,3958,CANAL,ODISHA,26,30,5.1,15.2,7.6,8.3,152,225,0.3,3.7,0.09,2.46,45,160000,1100,160000,2017,2017
410,3959,CANAL,ODISHA,21,32,4.4,7.6,7.3,8.3,124,246,0.5,2,0.12,1.94,320,17000,560,54000,2017,2017
411,3960,CANAL,ODISHA,21,33,4.8,8.6,8,8.4,161,235,0.9,1.5,0.21,2.28,78,9200,170,16000,2017,2017
412,2932,CANAL,RAJASTHAN,18,32,4.5,6.1,6.7,8.6,200,6400,1.3,3.2,1.54,3.1,4,20,7,460,2017,2017
413,2933,CANAL,RAJASTHAN,16.9,34.1,4.5,5.9,7.4,8.4,200,430,1,2.1,0.8,1.84,7,21,20,150,2017,2017
414,2934,CANAL,RAJASTHAN,15.3,31.9,4.6,5.8,7.3,8.3,240,310,1.3,1.9,1.14,2.8,7,21,20,240,2017,2017
415,1729,CANAL,TRIPURA,25,27,0.6,3.2,8.4,9.6,17,269,11.7,19.9,1.2,2.22,350,430,540,920,2017,2017
416,3387,CANAL,TRIPURA,23,26,5.7,6.6,7,8,100,179,0.5,2.3,0.16,0.35,170,220,280,350,2017,2017
417,3388,CANAL,TRIPURA,23.5,27,5.2,6.5,6.6,7.9,51,123,0.4,1.4,0.32,0.82,170,220,350,350,2017,2017
418,3389,CANAL,TRIPURA,24,26.5,5.8,6.9,7,8.1,89,173,0.4,1.6,0.18,0.47,110,220,210,350,2017,2017
419,3390,CANAL,TRIPURA,24,27,4.3,5.5,7.3,8.4,93,151,0.4,1.3,0.16,0.56,170,220,350,350,2017,2017
420,2726,CANAL,UTTARAKHAND,10,24,8.6,10.2,7.3,8.1,,,,,,,,,40,150,2017,2017
421,2727,CANAL,UTTARAKHAND,9,25,8.4,10.2,7.4,8.2,,,1,1,,,,,80,140,2017,2017
422,3998,CANAL,UTTARAKHAND,15,24,8.6,10.2,7.1,8.1,,,,,,,,,70,180,2017,2017
423,3999,CANAL,UTTARAKHAND,15,24,8.6,10.2,7.2,8.2,,,,,,,,,60,110,2017,2017
424,2512,CANAL,WEST BENGAL,22,39,,,7,7.7,433,1667,5,39.7,0.03,5.55,800000,5000000,1100000,9000000,2017,2017
425,2513,CANAL,WEST BENGAL,22,31,,,7.1,7.6,541,960,10,66.5,0.02,1.86,220000,5000000,280000,9000000,2017,2017
426,2267,CREEK,GOA,25,33,4.2,12.9,6.6,7.9,884,99200,1.4,6.9,0.23,30.61,78,13000,130,17000,2017,2017
427,2080,CREEK,GUJARAT,25,34,4.6,6.4,7,8.2,830,10270,1.3,2.8,0.01,0.16,54,172,212,426,2017,2017
428,2081,CREEK,GUJARAT,28,35,1.1,6.1,7.2,8.6,553,2210,2,21,0.17,0.73,33,110,110,540,2017,2017
429,3196,CREEK,GUJARAT,29,34,0,6.3,6.4,8.1,507,3420,3,44,0.19,0.42,33,170,210,4000,2017,2017
430,1316,CREEK,MAHARASHTRA,27,34,3.1,6.7,6.8,7.7,403,62310,4,18,1,5.6,33,920,170,1600,2017,2017
431,1317,CREEK,MAHARASHTRA,26,34,2.6,4.6,7,7.5,28570,68510,12,21,0.9,3.2,49,1600,220,1600,2017,2017
432,1318,CREEK,MAHARASHTRA,27,32,3.2,5.5,7.1,7.8,595,63470,8,18,0.8,3.1,63,1600,210,1600,2017,2017
433,2184,CREEK,MAHARASHTRA,23,27,3,6.2,6.6,7.6,1818,55920,3.8,20,1.2,4.1,33,540,79,920,2017,2017
434,2185,CREEK,MAHARASHTRA,29,36,3.1,6.5,6.7,7.6,963,60390,5,18,1.1,4.8,49,920,150,1600,2017,2017
435,2791,CREEK,MAHARASHTRA,28,34,3.3,7.4,6.5,7.4,197,17750,3.6,60,0.6,5,33,220,170,540,2017,2017
436,2792,CREEK,MAHARASHTRA,23,36,3.4,6.9,6.8,7.7,279,37890,4,17,1.5,7,33,350,170,540,2017,2017
437,2793,CREEK,MAHARASHTRA,23,36,3.8,6.5,6.8,7.7,281,37940,4,14,1.5,7.1,34,920,220,1600,2017,2017
438,2794,CREEK,MAHARASHTRA,23,36,3.7,6.5,6.9,7.6,294,46140,4,17,1.4,6.4,46,350,170,920,2017,2017
439,2795,CREEK,MAHARASHTRA,23,36,3.2,6.4,6.8,7.6,275,46510,4,16,1.5,6.4,33,540,170,920,2017,2017
440,2796,CREEK,MAHARASHTRA,28,35,3.4,6.9,6,7.6,231,68840,5,160,0.8,4.6,27,540,170,920,2017,2017
441,2797,CREEK,MAHARASHTRA,27,34,3.3,6.8,6.5,7.6,253,61140,5,220,1,4.7,46,920,210,1600,2017,2017
442,2798,CREEK,MAHARASHTRA,24,30,2.3,5,6.9,8.3,40220,67670,9,22,0.6,5,26,240,140,540,2017,2017
443,2799,CREEK,MAHARASHTRA,25,30,3.1,5,6.9,8.4,40200,68480,10,20,0.5,4.8,33,240,110,540,2017,2017
444,2800,CREEK,MAHARASHTRA,25,30,4,7,6.6,8.2,216,23410,4,12,0.3,14.9,46,240,140,430,2017,2017
445,2801,CREEK,MAHARASHTRA,25,32,3.1,6.7,7.4,8,222,69780,4,20,0.3,2.5,27,240,150,350,2017,2017
446,2802,CREEK,MAHARASHTRA,25,30,3.1,5.9,7.1,8,319,69550,5,20,0.74,2.5,17,540,46,920,2017,2017
447,2803,CREEK,MAHARASHTRA,20,28,3.2,5.8,6,7.8,113,59452,4,23,0.6,7.1,33,350,170,540,2017,2017
448,2804,CREEK,MAHARASHTRA,22,24,4.1,7,6.8,8,82,5980,2.2,5.2,0.13,1.63,10,70,47,240,2017,2017
449,2439,CREEK,ODISHA,21,31,5.4,7.3,7.7,8.2,31670,59240,0.6,3,0.35,2.59,5,5400,21,9200,2017,2017
450,2440,CREEK,ODISHA,21,30,5.8,8.5,7.4,8.2,32190,62520,0.3,1.4,0.11,3.84,2,45,2,78,2017,2017
451,2441,CREEK,ODISHA,10,30,5.2,7.7,7.8,8.4,34408,58050,0.3,1.8,0.24,2.55,2,130,2,230,2017,2017
452,3961,CREEK,ODISHA,24,31,2.6,5.9,5.6,7.2,1296,28770,2.3,9.3,0.57,3.9,790,22000,330,54000,2017,2017
453,2805,MARINE,MAHARASHTRA,27,36,3.2,6.4,6.9,8,410,70220,5,20,0.7,3.7,94,1600,430,1600,2017,2017
454,2806,MARINE,MAHARASHTRA,27,36,3,7,6.7,8,535,66610,5,24,0.8,3.1,94,1600,540,1600,2017,2017
455,2807,MARINE,MAHARASHTRA,25,30,3,5.5,6.7,8.3,16660,68100,10,525,0.5,13,22,1600,70,1600,2017,2017
456,2808,MARINE,MAHARASHTRA,28,33,3,5,7.1,7.7,28430,68480,10,20,0.6,3.3,350,920,540,1600,2017,2017
457,2809,MARINE,MAHARASHTRA,27,32,2.9,5,7.1,7.7,28340,67570,9,20,0.9,3.3,280,1600,430,1600,2017,2017
458,2810,MARINE,MAHARASHTRA,28,34,3,5.4,7,7.7,28380,67280,9,20,0.8,3.2,540,1600,920,1600,2017,2017
459,2811,MARINE,MAHARASHTRA,27,32,3,5,7.1,7.8,28350,63450,10,22,0.8,5,110,1600,240,1600,2017,2017
460,2812,MARINE,MAHARASHTRA,23,32,3,5,6.6,7.9,32570,68870,11,42,0.8,2.4,21,1600,70,1600,2017,2017
461,2813,MARINE,MAHARASHTRA,22,38,4.3,6.1,6.7,8,28360,63900,3,3.8,0.37,1.94,21,170,170,430,2017,2017
462,2814,MARINE,MAHARASHTRA,23,37,4.5,6.3,7.2,8.1,30670,64340,3,3.6,0.15,2.01,26,170,140,430,2017,2017
463,2815,MARINE,MAHARASHTRA,23,36,4.4,6,7.3,8.3,29290,62900,3,3.8,0.12,2.17,13,220,210,920,2017,2017
464,2165,SEA,MAHARASHTRA,28,32,2.6,4.8,7,7.6,28300,69360,11,22,0.9,3.3,220,920,540,1600,2017,2017
465,2166,SEA,MAHARASHTRA,27,32,2.9,5.4,7,7.7,28450,68200,8,20,0.6,3.2,540,1600,920,1600,2017,2017
466,2167,SEA,MAHARASHTRA,27,34,3.3,5.3,7,7.8,28230,67430,9,20,0.9,3.1,240,1600,540,1600,2017,2017
467,2169,SEA,MAHARASHTRA,23,32,3,4.8,6.3,7.8,32530,69070,13,22,0.8,2.2,240,1600,540,1600,2017,2017
468,2047,DRAIN,CHANDIGARH,15,30,0.2,2.4,6.9,7.8,494,880,24,144,0.21,6.8,,,,,2017,2017
469,2048,DRAIN,CHANDIGARH,18,32,0.2,6.9,6.6,7.8,589,1091,58,299,0.21,8.1,6937,6937,9389,9389,2017,2017
470,2049,DRAIN,CHANDIGARH,14,34,0.2,2.2,7.2,7.7,428,1309,24,203,0.25,2.7,,,,,2017,2017
471,3861,DRAIN,HIMACHAL PRADESH,14,23,6.8,8.3,7,8.2,478,786,0.1,0.2,0.36,0.99,9,20,8,34,2017,2017
472,3865,DRAIN,HIMACHAL PRADESH,18,26,7.1,7.8,7,8.3,384,642,0.1,0.3,0.16,1.24,11,14,21,32,2017,2017
473,3875,DRAIN,HIMACHAL PRADESH,,,7,7.5,7.2,8.1,272,719,2,4,0.36,0.87,2,14,26,47,2017,2017
474,3879,DRAIN,HIMACHAL PRADESH,21,22.5,5.9,6.1,6.2,8.2,3850,4500,22,22,10.76,12.4,540,920,,,2017,2017
475,3881,DRAIN,HIMACHAL PRADESH,22.5,26,1.5,6.8,7.3,8.3,443,4030,8,12,8.44,10.4,34,110,350,1600,2017,2017
476,2763,DRAIN,KARNATAKA,24,33,6.4,8.9,6.7,8.5,280,1400,0.5,2.9,0.24,2.82,130,500,220,1600,2017,2017
477,2178,DRAIN,MAHARASHTRA,12,29,1,6.4,7,8.3,232,1286,4,90,0.82,0.82,2,120,110,540,2017,2017
478,2782,DRAIN,MAHARASHTRA,23,36,1.3,4.4,6.6,7.9,529,47130,9,110,0.4,3,110,1600,540,1600,2017,2017
479,2783,DRAIN,MAHARASHTRA,23,37,4,6.8,6.7,7.6,331,47490,3.2,140,0.4,2.4,140,1600,920,1600,2017,2017
480,2784,DRAIN,MAHARASHTRA,23,36,2.4,3.1,6.8,7.7,821,26190,16,120,0.5,10.5,110,1600,920,1600,2017,2017
481,2785,DRAIN,MAHARASHTRA,24,30,3.3,3.3,6.9,8.5,6340,68200,18,1100,0.6,14.9,49,1600,280,1600,2017,2017
482,2786,DRAIN,MAHARASHTRA,28,30,,,6.8,7.1,3648,5750,190,550,1.8,6.8,920,1600,1600,1600,2017,2017
483,2787,DRAIN,MAHARASHTRA,29,30,,,7,7.3,4058,7641,200,430,3.3,9.6,920,1600,1600,1600,2017,2017
484,2788,DRAIN,MAHARASHTRA,29,30,,,6.9,7.2,3798,7141,280,390,3.6,4.1,920,1600,1600,1600,2017,2017
485,2789,DRAIN,MAHARASHTRA,26,26,5,5.4,8,8.4,744,944,5.6,5.8,1.3,1.6,95,120,550,900,2017,2017
486,3923,DRAIN,ODISHA,20,36,3.4,8.1,6.3,7.7,268,527,2.7,11.3,0.97,14.21,22000,160000,54000,160000,2017,2017
487,3930,DRAIN,ODISHA,20,29,6.2,8.4,7.3,8.5,167,1019,0.3,3.2,0.52,2.38,78,9200,230,16000,2017,2017
488,3934,DRAIN,ODISHA,22,33,5.8,7.8,7.4,8.3,136,788,0.4,1.9,0.72,7.24,330,4900,790,13000,2017,2017
489,3939,DRAIN,ODISHA,16,35,5.5,7.5,7.1,8.1,102,294,0.2,1.9,0.51,1.82,170,9200,490,92000,2017,2017
490,2906,DRAIN,PUNJAB,8,28,,,7.2,8.3,1546,5552,35,190,0.27,2.39,7900,17000,24000,70000,2017,2017
491,2907,DRAIN,PUNJAB,13,28,,,7,7.4,607,1272,51,106,3.8,5.6,2500,4600,5800,9400,2017,2017
492,2908,INDUSTRIAL DRAIN,PUNJAB,20,35,1.1,5.8,7.2,8.2,596,1937,13,62,0.47,1.8,1700,6100,15000,40000,2017,2017
493,2909,INDUSTRIAL DRAIN,PUNJAB,9,29,1,4.1,7.3,8.4,419,4062,12,70,0.09,2.64,1800,9400,15000,35000,2017,2017
494,2910,INDUSTRIAL DRAIN,PUNJAB,14,29,,,7,7.5,986,1910,52,130,4,5.8,2600,7900,6300,14000,2017,2017
495,20013,STP,GOA,27.2,31.5,7.3,7.7,6,7.9,1750,1750,100,1520,,,,,,,2017,2017
496,20017,STP,KERALA,,,,,6,8.5,105,105,12,460,,,,,,,2017,2017
497,20018,STP,ODISHA,,,,,7.2,7.8,,,2.5,8.9,,,,,,,2017,2017
498,20019,STP,ODISHA,,,,,6.8,7.9,,,9.7,118.6,,,,,,,2017,2017
499,20020,STP,ODISHA,,,,,6.5,8.2,,,58.8,99.9,,,,,,,2017,2017
500,20023,STP,PUNJAB,,,,,6.8,7.9,,,24,135,,,,,,,2017,2017
501,20024,STP,PUNJAB,,,,,6.9,7.9,,,110,330,,,,,,,2017,2017
502,20025,STP,PUNJAB,,,,,6.6,7.6,,,13,122,,,,,,,2017,2017
503,20026,STP,PUNJAB,,,,,6.6,8.7,,,12,132,,,,,,,2017,2017
504,20027,STP,PUNJAB,,,,,6.2,7.7,,,12,180,,,,,,,2017,2017
505,20028,STP,PUNJAB,,,,,6.8,8.2,,,12,101,,,,,,,2017,2017
506,20004,STP,ANDHRA PRADESH,,,5.8,8.6,6.7,8.5,,,12,62.4,,,,,,,2017,2017
507,3060,DRAIN,TELANGANA,18,26,0.9,4.2,7.4,8.4,1339,1861,6,12,0.1,5.7,,,47,47,2017,2017
508,2354,CANAL,ANDHRA PRADESH,25,31,5.2,6.8,6.6,7.8,259,529,1,2.2,0.66,2.16,9,28,120,450,2017,2017
509,2355,CANAL,ANDHRA PRADESH,25,30,5,7.4,6.6,7.9,1432,37591,1,2.3,1.25,2.71,11,39,210,4500,2017,2017
510,3051,CANAL,ANDHRA PRADESH,21,27,1.4,5.6,6.5,8.4,762,1392,4.1,18,1.5,16.8,2,4,1600,2100,2017,2017
511,3052,DRAIN,ANDHRA PRADESH,22,27,2.1,5.5,6.8,7.9,802,3310,3.8,16.2,2,25,4,4,800,2200,2017,2017
512,3053,DRAIN,ANDHRA PRADESH,25,30,5.8,8.6,6.8,7.8,1379,51028,1.2,2.2,1.47,4.3,11,75,150,4200,2017,2017
513,3067,DRAIN,ANDHRA PRADESH,26,32,5.6,8,6.6,7.7,261,372,1.5,2.2,0.89,2.64,11,28,150,460,2017,2017
514,3054,DRAIN,TELANGANA,20,29,3.2,5.8,8.3,11.6,724,1086,2,6,1,25.8,10,80,40,300,2017,2017
515,3055,DRAIN,TELANGANA,22,33,1.6,3.3,7.3,8.5,946,1605,6,31,0.1,3.7,50,50,200,200,2017,2017
516,3056,DRAIN,TELANGANA,27,27,2.1,3.9,7.6,8.5,1227,1994,4,34,,,,,300,300,2017,2017
517,3057,DRAIN,TELANGANA,22,29,1.8,7,7.4,8.1,1029,1459,6,18,0.1,4.7,3,3,46,46,2017,2017
518,3058,DRAIN,TELANGANA,20,29,1.8,4.6,7,791,998,1312,8,17,0.1,29.5,,,175,175,2017,2017
519,3059,DRAIN,TELANGANA,22,30,1.4,6.3,7.4,8.6,1186,1812,6,33,0.1,4.6,75,75,275,275,2017,2017
520,3061,DRAIN,TELANGANA,25,27,1,5.1,7.3,8.1,908,2073,8,20,0.1,4.1,4,4,304,304,2017,2017
521,3062,DRAIN,TELANGANA,24,27,1,3.1,7.4,7.9,1265,1784,8,26,3.3,3.3,3,3,290,290,2017,2017
522,3063,DRAIN,TELANGANA,21,29,,,7.2,8.2,1202,2064,17,30,9,40,6,400,79,95,2017,2017
523,3064,DRAIN,TELANGANA,22,29,1,3.8,7.3,8.2,888,1273,12,62,0.2,50.1,10,180,6,1610,2017,2017
524,3065,DRAIN,TELANGANA,20,29,1,1.5,7.1,8.2,951,1320,22,59,3.2,45.1,560,560,148,1690,2017,2017
525,3066,DRAIN,TELANGANA,24,32,1,4.2,7.1,7.7,830,1190,15,88,0.7,60.1,60,200,60,2400,2017,2017
526,,Coastal/ Creek/ Marine/ Sea Water (under NWMP),MAHARASHTRA,26,30,3.1,5.5,6.9,8,808,59840,7,17,1.5,6.6,22,240,170,1600,2018,2018
527,,Coastal/ Creek/ Marine/ Sea Water (under NWMP),MAHARASHTRA,23,30,3.4,6,7.2,8.3,179,65050,4,15,0.8,7.7,22,350,130,1600,2018,2018
528,,Coastal/ Creek/ Marine/ Sea Water (under NWMP),MAHARASHTRA,22,31,3.6,6.5,6.9,8,491,65180,3.5,20,0.3,4.3,21,350,94,1600,2018,2018
529,,Coastal/ Creek/ Marine/ Sea Water (under NWMP),MAHARASHTRA,22,32,3.2,5.7,7.1,7.9,3682,65260,6,20,0.6,6,7.8,110,26,1600,2018,2018
530,,Coastal/ Creek/ Marine/ Sea Water (under NWMP),MAHARASHTRA,28,30,3,6.9,6.4,8.2,182,54070,3,18,0.1,7.9,17,170,70,920,2018,2018
531,,Coastal/ Creek/ Marine/ Sea Water (under NWMP),GOA,26,30,5.8,7.7,7.02,8.2,15250,477710,0.5,3,,20.461,13,790,23,2200,2018,2018
532,,Coastal/ Creek/ Marine/ Sea Water (under NWMP),GOA,28,29,6.2,8,7.2,8.1,11230,50610,0.5,2.9,,0.508,33,350,79,540,2018,2018
533,,Coastal/ Creek/ Marine/ Sea Water (under NWMP),GOA,27,29,5.6,7.5,6.58,8.19,11180,52870,0.6,2.9,,0.985,79,170,130,350,2018,2018
534,,Coastal/ Creek/ Marine/ Sea Water (under NWMP),GOA,28,32,6.1,7.9,6.7,7.9,99.86,58360,0.6,3.3,,2.163,17,540,49,920,2018,2018
535,,Coastal/ Creek/ Marine/ Sea Water (under NWMP),MAHARASHTRA,23,28,6,7.2,6.6,7.8,93,17220,1.8,2.8,0.17,2.46,4,26,31,220,2018,2018
536,,Coastal/ Creek/ Marine/ Sea Water (under NWMP),MAHARASHTRA,25,33,3.2,5.3,6.6,7.8,28890,63290,7,20,0.6,5.3,22,1600,170,1600,2018,2018
537,,Coastal/ Creek/ Marine/ Sea Water (under NWMP),MAHARASHTRA,26,32,3.8,5.3,6.8,7.7,725.5,62420,7,54,0.3,7.2,21,1600,130,1600,2018,2018
538,,Coastal/ Creek/ Marine/ Sea Water (under NWMP),MAHARASHTRA,26,33,3.5,5.2,6.6,7.8,37640,62360,9,20,0.6,7.2,79,1600,540,1600,2018,2018
539,,Coastal/ Creek/ Marine/ Sea Water (under NWMP),MAHARASHTRA,26,33,3.3,4.9,6.9,8.2,35190,62880,11,18,0.7,7.2,23,1600,220,1600,2018,2018
540,,Coastal/ Creek/ Marine/ Sea Water (under NWMP),MAHARASHTRA,26,32,3,5.1,6.7,8,35020,63010,8.5,20,1,14.2,22,1600,240,1600,2018,2018
541,,Coastal/ Creek/ Marine/ Sea Water (under NWMP),MAHARASHTRA,25,30,1.9,5.3,6.3,8.1,7280,67780,7,30,1.3,4.4,21,350,170,1600,2018,2018
542,,Coastal/ Creek/ Marine/ Sea Water (under NWMP),MAHARASHTRA,26,30,3.1,5.2,7.2,8.1,795,62110,7,22,1.3,5.5,27,1600,220,1600,2018,2018
543,,Coastal/ Creek/ Marine/ Sea Water (under NWMP),MAHARASHTRA,26,32,3,5.3,6.9,8,812,62290,8,22,1.3,4.5,4,1600,31,1600,2018,2018
544,,Coastal/ Creek/ Marine/ Sea Water (under NWMP),MAHARASHTRA,25,33,3.1,5.5,6.9,7.9,35550,63090,7,20,0.2,7.3,70,1600,350,1600,2018,2018
545,,Coastal/ Creek/ Marine/ Sea Water (under NWMP),MAHARASHTRA,26,33,3,5.3,6.5,8.1,947,62960,8,20,0.3,6.9,63,1600,540,1600,2018,2018
546,,Coastal/ Creek/ Marine/ Sea Water (under NWMP),MAHARASHTRA,26,33,2.9,5,6.8,7.9,35090,63120,9,20,0.7,7.2,110,1600,540,1600,2018,2018
547,,Coastal/ Creek/ Marine/ Sea Water (under NWMP),MAHARASHTRA,25,32,3.4,5.5,6.9,7.7,417,63110,7,20,0.3,7.8,33,920,430,1600,2018,2018
548,,Coastal/ Creek/ Marine/ Sea Water (under NWMP),MAHARASHTRA,25,31,3.1,5.6,6.7,8.1,35140,64480,8,20,0.6,5.1,48,1600,350,1600,2018,2018
549,,Coastal/ Creek/ Marine/ Sea Water (under NWMP),MAHARASHTRA,22,28,5.4,6.5,6.5,8,22420,54590,2.2,4.2,1.14,4.13,20,94,140,920,2018,2018
550,,Coastal/ Creek/ Marine/ Sea Water (under NWMP),MAHARASHTRA,23,27,5,6.8,6.8,8,33860,51960,2.2,4.2,0.98,3.14,17,49,120,350,2018,2018
551,,Coastal/ Creek/ Marine/ Sea Water (under NWMP),MAHARASHTRA,23,26,5,7,6.8,8.1,11860,58960,2,4.2,0.9,2.88,23,79,94,540,2018,2018
552,,Coastal/ Creek/ Marine/ Sea Water (under NWMP),ODISHA,25,32,5.8,7.7,7.6,8.4,35020,59260,0.5,2.6,0.13,8.041,1.8,330,1.8,330,2018,2018
553,,Coastal/ Creek/ Marine/ Sea Water (under NWMP),ODISHA,23,30,6.2,8.6,7.4,8.2,30180,62200,0.2,2.8,0.176,2.28,1.8,700,1.8,3500,2018,2018
554,,Coastal/ Creek/ Marine/ Sea Water (under NWMP),ODISHA,9,26,5.8,9.8,7.5,8.2,37820,59970,0.5,2.3,0.11,1.34,1.8,230,1.8,790,2018,2018
555,,Coastal/ Creek/ Marine/ Sea Water (under NWMP),ODISHA,21,30,2.6,8.2,6.7,7.7,146,28760,0.8,7.9,0.25,4.09,1.8,16000,20,16000,2018,2018
556,,Coastal/ Creek/ Marine/ Sea Water (under NWMP),MAHARASHTRA,25,31,,4.9,7,8,19920,64000,10,120,1.1,5,79,1600,430,1600,2018,2018
557,,Coastal/ Creek/ Marine/ Sea Water (under NWMP),MAHARASHTRA,24,30,,5.5,6.9,8.6,8036,67980,6,110,1.4,4,23,540,130,1600,2018,2018
558,,DRAIN,CHANDIGARH,16,30,0,1,6.6,7.4,551,724,49,161,1.2,6,18000,8000000,22000,18000000,2018,2018
559,,DRAIN,CHANDIGARH,16,29,,,7.2,7.8,256,1092,53,437,1.1,7.4,80000,11000000,110000,18000000,2018,2018
560,,DRAIN,CHANDIGARH,15,30,0,7.6,7,7.6,719,1018,64,270,1.1,4.3,11000,3200000,27000,7600000,2018,2018
561,,DRAIN,DELHI,,,,,6.8,7.91,,,32,89,,,,,,,2018,2018
562,,DRAIN,DELHI,,,,,6.88,7.96,,,11,141,,,,,,,2018,2018
563,,DRAIN,DELHI,,,,,6.83,7.85,,,66,242,,,,,,,2018,2018
564,,DRAIN,DELHI,,,,,7.03,8.1,,,26,129,,,,,,,2018,2018
565,,DRAIN,DELHI,,,,,6.94,7.88,,,26,195,,,,,,,2018,2018
566,,DRAIN,DELHI,,,,,6.81,7.82,,,43,162,,,,,,,2018,2018
567,,DRAIN,DELHI,,,,,6.88,7.89,,,73,397,,,,,,,2018,2018
568,,DRAIN,HIMACHAL PRADESH,,,7,7.8,7.5,8.14,272,539,0.8,2.8,0.11,0.645,2,13,22,40,2018,2018
569,,DRAIN,HIMACHAL PRADESH,20,25,4.9,6.3,7.23,8.36,268,4950,0.1,16,0.268,12.59,9,70,58,920,2018,2018
570,,DRAIN,HIMACHAL PRADESH,,,5.8,5.8,7.71,7.71,470,470,8,8,7.533,7.533,31,31,220,220,2018,2018
571,,DRAIN,HIMACHAL PRADESH,17.5,25,3.1,6.1,7.42,8.6,476,4900,0.1,14,0.65,14.825,17,140,64,1600,2018,2018
572,,DRAIN,HIMACHAL PRADESH,12,22,6.5,9.2,7.8,8.34,314,426,0.3,0.5,0.126,0.378,12,21,31,39,2018,2018
573,,DRAIN,HIMACHAL PRADESH,7.3,7.5,8.5,8.8,7.7,7.9,170,263,0.2,0.2,0.76,0.8,2,4,70,110,2018,2018
574,,DRAIN,HIMACHAL PRADESH,7.5,7.5,8.8,8.8,7.9,7.9,265,265,0.4,0.4,0.53,0.53,4,4,94,94,2018,2018
575,,DRAIN,MAHARASHTRA,14,26,2.3,5.6,7.06,7.78,431,1294,8,28,0.2186,12.6,4,21,220,920,2018,2018
576,,DRAIN,MAHARASHTRA,25,25,5.2,5.2,8,8,618.5,618,7,7,0.9,0.9,130,130,550,550,2018,2018
577,,DRAIN,MAHARASHTRA,25,26,6.3,6.8,5.4,7.1,544,750,2.2,2.4,0.31,1.84,6.8,14,38,140,2018,2018
578,,DRAIN,ODISHA,26,26,4.4,4.4,7.7,7.7,416,416,6.8,6.8,3.708,3.708,7900,7900,17000,17000,2018,2018
579,,DRAIN,ODISHA,23,23,8.2,8.2,7.3,7.3,140,140,0.8,0.8,0.056,0.056,78,78,330,330,2018,2018
580,,DRAIN,MAHARASHTRA,26,36,,5.2,6.3,8.2,504,17490,7,145,0.7,7.5,110,1600,540,1600,2018,2018
581,,DRAIN,MAHARASHTRA,25,36,,5.7,6.6,8.3,518,36870,6,110,0.8,13.2,94,1600,430,1600,2018,2018
582,,DRAIN,MAHARASHTRA,26,37,,4.9,6.7,8.3,649,41380,10,120,1,8.1,120,1600,920,1600,2018,2018
583,,DRAIN,MAHARASHTRA,26,27,,1.4,6.7,7.4,913,4376,30,1950,1.5,7.4,920,1600,920,1600,2018,2018
584,,DRAIN,MAHARASHTRA,23,30,,,6,8,3281,17460,180,1700,3,23.3,12,1600,110,1600,2018,2018
585,,DRAIN,MAHARASHTRA,26,27,,,6.7,7.9,2555,13080,58,725,1.3,21.3,350,1600,920,1600,2018,2018
586,,INDUSTRIAL DRAIN,PUNJAB,14,27,,4.1,7,8.1,744,2905,21,65,0.49,2.2,2000,17000,17000,58000,2018,2018
587,,INDUSTRIAL DRAIN,PUNJAB,14,32,,2.4,7.3,8.4,868,4313,20,140,0.6,1.8,3800,15000,28000,48000,2018,2018
588,,INDUSTRIAL DRAIN,PUNJAB,13,34,,,6.5,7.6,1042,2760,60,220,2.3,6.6,4600,220000,9400,350000,2018,2018
589,,STP,GOA,27.6,32.1,,,6.47,7.63,,,108,667,,,5400000,13000000,9200000,17000000,2018,2018
590,,STP,ODISA,,,,,6.7,7.9,,,7,105.8,0.84,33.6,20,160000,40,160000,2018,2018
591,,STP,ODISA,,,,,6.2,7.7,,,13.7,255,10.9,31.36,54000,160000,54000,160000,2018,2018
592,,STP,ODISHA,,,,,7.2,7.2,,,4.4,4.4,11.2,11.2,33000,33000,92000,92000,2018,2018
593,,STP,PUNJAB,26,26,,,6.64,7.63,,,32,220,,,,,,,2018,2018
594,,STP,PUNJAB,,,,,6.34,7.42,,,26,285,,,,,,,2018,2018
595,,STP,PUNJAB,32,32,,,6.2,7.84,,,46,293,,,,,,,2018,2018
596,,STP,PUNJAB,,,,,6.9,7.7,,,7,208,,,,,,,2018,2018
597,,STP,PUNJAB,,,,,6.9,8.4,,,22,126,,,,,,,2018,2018
598,,STP,PUNJAB,,,,,7,8.2,,,22,228,,,,,,,2018,2018
599,,Water Treatment Plants under NWMP,Delhi,,,,,8,8,250,250,,,4.1,4.1,4900,4900,7000,7000,2018,2018
600,,Water Treatment Plants under NWMP,Delhi,,,,,7.2,7.4,208,322,,,2.43,2.43,3300,4600,35000,54000,2018,2018
601,,Water Treatment Plants under NWMP,Delhi,,,,,,,1120,1120,,,11.3,11.3,6.1,6.1,210,210,2018,2018
602,,STP,ANDHRA PRADESH,,,5.4,7.2,6.73,8.09,,,16,42,,,,,,,2018,2018
603,,CANAL,UTTARAKHAND,16,21,8.8,10.2,7.52,8.25,,,1,1,,,,,70,170,2018,2018
604,,CANAL,UTTARAKHAND,16,22,8,9.8,7.48,8.41,,,1,1,,,,,70,170,2018,2018
605,,CANAL,TRIPURA,25,29.5,6.22,7.4,6.08,7.6,106,161,1.5,3.86,0.4,0.55,170,350,350,540,2018,2018
606,,CANAL,TRIPURA,24,29.5,5.08,6.7,6.29,7.2,103,155,0.6,1.84,0.33,0.6,140,280,280,430,2018,2018
607,,CANAL,TRIPURA,19.5,28,5.08,6.6,6.6,8.48,77,154,0.22,0.58,0.13,0.59,110,170,210,350,2018,2018
608,,CANAL,TRIPURA,19,28.5,5.38,6.98,6.55,8.15,9,151,0.2,0.74,0.13,0.58,110,150,210,350,2018,2018
609,,CANAL,TRIPURA,20,29,5.14,6.7,6.05,7.33,71,132,0.16,0.88,0.16,0.46,120,170,220,350,2018,2018
610,,CANAL,TRIPURA,20.5,28.5,5.34,6.82,6.5,7.91,105,166,0.28,1.02,0.13,0.42,110,170,180,280,2018,2018
611,,CANAL,TRIPURA,20.5,30,3.28,8.88,5.79,8.99,151,291,6.38,12.58,0.46,1.09,210,350,430,710,2018,2018
612,,CANAL,RAJASTHAN,16.6,33.5,3.74,40.67,7.4,7.9,250,500,1.12,2.94,1.84,2.74,7,21,20,75,2018,2018
613,,CANAL,RAJASTHAN,16.4,32.2,3.82,7.01,7.54,8.02,230,520,0.9,2.77,1.14,2.74,4,28,7,93,2018,2018
614,,CANAL,RAJASTHAN,21,27,3.98,7.2,7.71,8.31,260,380,1.4,2.21,1.82,2.8,7,20,21,93,2018,2018
615,,CANAL,ODISHA,23,31,2.9,8.9,7.4,8.6,153,326,0.4,2,0.024,0.999,40,9200,140,16000,2018,2018
616,,CANAL,ODISHA,20,33,4.6,9.6,6.8,8.2,161,284,0.6,4,0.12,1.541,130,17000,330,16000,2018,2018
617,,CANAL,ODISHA,20,31,6.2,13.3,6.7,8.4,108,248,0.7,4.9,0.096,1.317,330,9200,790,16000,2018,2018
618,,CANAL,ODISHA,24,28,6.2,8.1,7.7,7.8,195,202,1.1,3.2,0.229,0.701,92000,92000,92000,160000,2018,2018
619,,CANAL,ODISHA,24,28,6.6,8.2,7.6,7.9,184,198,1.1,2.5,0.628,0.952,160000,160000,160000,160000,2018,2018
620,,CANAL,ODISHA,21,30,1.4,8.2,7.2,8.2,139,984,0.8,5.7,0.188,2.844,110,54000,330,92000,2018,2018
621,,CANAL,ODISHA,24,28,6.6,8.8,7.3,8.1,174,199,0.7,1.6,0.039,0.508,790,35000,2400,35000,2018,2018
622,,CANAL,MANIPUR,18,30.4,1.82,8.1,6.3,7.6,115,408,0.6,7.6,25,40,,,50,185,2018,2018
623,,CANAL,KERALA,25,29,0.2,7,6.1,7.2,61,226,2,4.5,0.39,3.73,1700,24000,4100,58000,2018,2018
624,,CANAL,KERALA,26,32,1,4.5,6.2,7.3,163,24000,2,6.4,0.46,6.1,580,7900,2400,24000,2018,2018
625,,CANAL,KERALA,27,31,2.9,8.5,6.2,7.5,780,56090,0.5,3.3,0.08,3.5,220,17000,540,22000,2018,2018
626,,CANAL,HARYANA,,,6.2,8.6,7.57,8.3,160,676,2.6,3.2,,,800,800,3200,3200,2018,2018
627,,CANAL,HARYANA,19,19,6.8,9.3,7.88,8.15,161,380,0.6,2.4,,,300,800,1100,1700,2018,2018
628,,CANAL,HARYANA,31,40,1.6,2.4,7,7.4,13,1460,25,35,4,7.6,,,,,2018,2018
629,,CANAL,HARYANA,18,18,6.8,8.7,7.02,8.1,186,311,1.1,4.25,,,400,900,2000,2600,2018,2018
630,,CANAL,HARYANA,,,6.45,7.4,7.4,8.12,202,303,2.2,2.8,,,500,700,1700,2200,2018,2018
631,,CANAL,HARYANA,,,7.8,9.2,7.15,8.19,214,324,1.5,2.8,,,700,1700,2600,3300,2018,2018
632,,CANAL,HARYANA,,,6.68,6.68,7.75,7.81,170,202,2.5,2.8,,,,,,,2018,2018
633,,CANAL,HARYANA,,,6.48,7.4,7.4,8.12,201,302,2,2.6,,,400,500,1300,1700,2018,2018
634,,CANAL,HARYANA,,,,,7.75,7.85,165,246,2.2,2.8,,,,,,,2018,2018
635,,CANAL,HARYANA,18,18,6.4,9.1,7.79,8.1,168,356,1.4,2.8,,,200,1300,2400,4000,2018,2018
636,,CANAL,GUJARAT,29,33,5.1,6.84,7.99,9.4,291,1090,0.5,1.11,0.012,0.391,13,26,33,110,2018,2018
637,,CANAL,GOA,27,33,4.4,8.9,6.05,7.35,47,48360,0.5,4.1,0.01,1.88,200,3300,450,7000,2018,2018
638,,CANAL,DELHI,16.9,34.8,1,4.2,7.3,7.9,439,1492,4,33,0.04,0.11,120000,3500000,280000,160000000,2018,2018
639,,CANAL,GUJARAT,24,29,5.8,9.42,7.86,8.74,261,383,1.1,1.95,,0.08,1.8,130,3.6,258,2018,2018
640,,CANAL,GOA,26,30,4.5,9.5,5.64,7.49,27,764,0.6,4.5,,4.3,2300,4900,3300,11000,2018,2018
641,,CANAL,GOA,26.5,30,6.5,8.9,5.62,7.44,50,1364,0,2.4,,4.38,1400,24000,1700,35000,2018,2018
642,,DRAIN,MAHARASHTRA,26,26,,,6,7.2,1676,17070,70,950,4.6,7.4,1600,1600,1600,1600,2018,2018
643,,DRAIN,PUNJAB,14,35,,,6.5,7.5,16.9,1920,46,128,2,6,7900,170000,13000,220000,2018,2018
644,,DRAIN,PUNJAB,13,31,,,7.4,8,3240,7240,70,325,0.31,2.2,11000,170000,54000,280000,2018,2018
645,,Coastal/ Creek/ Marine/ Sea Water (under NWMP),MAHARASHTRA,25,30,,5.3,7,7.9,5303,67820,7,62,1.5,3.9,21,540,110,1600,2018,2018
646,,Coastal/ Creek/ Marine/ Sea Water (under NWMP),MAHARASHTRA,22,28,,6.2,6.6,7.9,1771,49810,4,20,0.5,7.2,33,350,170,920,2018,2018
647,,STP,BIHAR,,,,,6.8,7.6,,,24,186,,,,,,,2018,2018
648,,DRAIN,DELHI,,,,,6.82,7.95,,,21,140,,,,,,,2018,2018
649,,CANAL,ANDHRA PRADESH,24,29,4.5,7.6,7.2,8.52,241,523,1,1.5,0.29,3.85,9,21,150,310,2018,2018
650,,CANAL,ANDHRA PRADESH,24,33,4.5,6.6,6.86,8.18,829,8431,1,1.5,2.11,12.3,9,39,1100,3600,2018,2018
651,,CANAL,ANDHRA PRADESH,22,30,4.2,5.8,7.11,8.4,587,1288,2.4,11,0.37,12.3,4,4,1100,1600,2018,2018
652,,DRAIN,ANDHRA PRADESH,21,30,3,5.6,6.82,7.8,1159,2280,4.1,15,0.044,12.3,4,4,1100,1600,2018,2018
653,,DRAIN,ANDHRA PRADESH,24,33,5.2,7,6.93,8.13,793,5782,1.1,2.2,0.85,5.2,15,75,460,3600,2018,2018
654,,DRAIN,TELANGANA,26,29,2,6.5,9.88,11.5,715,1176,2,6,0.4,15.3,2,26,17,500,2018,2018
655,,DRAIN,TELANGANA,25,34,2,5.3,6.92,7.89,1170,1766,10,39,1.2,42.4,2,1000,200,26250,2018,2018
656,,DRAIN,TELANGANA,26,32,2.5,5.1,6.63,7.29,1299,1925,15,54,,,2,125,1125,27688,2018,2018
657,,DRAIN,TELANGANA,25,32,2,8.5,6.7,7.83,1125,1526,13,36,,,2,300,1000,17063,2018,2018
658,,DRAIN,TELANGANA,26,30,2,5,6.93,7.57,973,1525,11,30,,,2,13,588,27063,2018,2018
659,,DRAIN,TELANGANA,26,31,1.8,7,6.9,7.91,1656,2220,17,67,,,2,2,1125,6813,2018,2018
660,,DRAIN,TELANGANA,25,29,1.2,7.3,7.1,8.07,177,1932,20,46,,,2,625,1150,30313,2018,2018
661,,DRAIN,TELANGANA,25,30,1.8,7.6,7,8.02,1366,2626,13,37,,,2,2,2100,22500,2018,2018
662,,DRAIN,TELANGANA,25,28,0.9,5.9,7.04,8.4,1205,1946,9,30,,,2,75,900,31250,2018,2018
663,,DRAIN,TELANGANA,26,32,0,0.06,7.18,8.56,912,2197,14,28,41,50,5,125,77,1850,2018,2018
664,,DRAIN,TELANGANA,26,30,0,1.6,7.3,8.23,788,1385,10,38,0.9,17.1,2,220,20,1600,2018,2018
665,,DRAIN,TELANGANA,26,30,0,0.9,7.12,7.94,814,1292,14,34,2,40,2,270,30,1600,2018,2018
666,,DRAIN,TELANGANA,26,30,0.06,2.2,7.4,7.84,980,1169,20,20,0.6,60,2,2,106,380,2018,2018
667,,CANAL,UTTARAKHAND,16,22,9,10,7.58,8.34,,,1,1,,,,,60,110,2018,2018
668,,CANAL,WEST BENGAL,19,33,0,0,7.02,8.59,473,1994,3.9,20,0.04,4.27,1400000,5000000,2800000,9000000,2018,2018
669,,CANAL,WEST BENGAL,20,33,0,0,7.05,8.12,694,1056,13.8,63,0.09,5.02,900000,9000000,1700000,16000000,2018,2018
670,,Coastal/ Creek/ Marine/ Sea Water (under NWMP),GOA,25.3,32,4.2,11.1,6.46,8.45,200,47260,0.4,4.6,0.31,56.785,2300,13000,4900,24000,2018,2018
671,,Coastal/ Creek/ Marine/ Sea Water (under NWMP),GOA,27,30,5.9,7.1,7.07,8.3,42750,58270,0.3,4.7,0.03,3.058,49,350,94,920,2018,2018
672,,Coastal/ Creek/ Marine/ Sea Water (under NWMP),GOA,26.9,30,5.3,8,7.1,8.1,27.25,58720,0.1,7.2,0.025,22.118,7.8,1700,23,5400,2018,2018
673,,Coastal/ Creek/ Marine/ Sea Water (under NWMP),GOA,28,30,5,7.6,6.53,8.3,23480,58950,1.2,4.1,0.062,1.853,23,3500,33,9200,2018,2018
674,,Coastal/ Creek/ Marine/ Sea Water (under NWMP),GOA,28,29,5.9,7,7.4,8.23,43910,58880,0.7,6,0.011,4.303,4.5,1100,23,2200,2018,2018
675,,Coastal/ Creek/ Marine/ Sea Water (under NWMP),GUJARAT,27,34,5.2,6.45,7.3,8.36,681,8127,1.05,3.1,0.062,0.174,9,148,98,345,2018,2018
676,,Coastal/ Creek/ Marine/ Sea Water (under NWMP),GUJARAT,29,33,0,3.3,7.3,8.05,1300,7900,4,44,0.061,1.491,39,130,270,470,2018,2018
677,,Coastal/ Creek/ Marine/ Sea Water (under NWMP),GUJARAT,29,32,0,6.58,6.4,8.14,827,7600,1.34,96,0.139,1.044,70,260,270,1400,2018,2018
678,,Coastal/ Creek/ Marine/ Sea Water (under NWMP),MAHARASHTRA,26,32,3.2,5.3,6.9,8.1,785,60260,7,18,1.2,5.6,7.8,920,120,1600,2018,2018
679,20041,STP,TAMIL NADU,,,,,7.6,7.6,,,6,24,,,170,2200,350,4100,2019,2019
680,,Coastal/ Creek/ Marine/ Sea Water (under NWMP),MAHARASHTRA,19,32,3.5,5.6,6.9,8.3,920,57060,6,18,1.4,6.9,6.8,280,79,920,2018,2018
681,,Coastal/ Creek/ Marine/ Sea Water (under NWMP),MAHARASHTRA,27,32,1.2,7.2,6.7,8.1,95,15240,3,22,0.1,13.7,6.1,130,21,540,2018,2018
682,,Coastal/ Creek/ Marine/ Sea Water (under NWMP),MAHARASHTRA,26,37,3.3,6.5,6.7,8,250,35020,4,18,1.8,10.8,17,220,120,920,2018,2018
683,,Coastal/ Creek/ Marine/ Sea Water (under NWMP),MAHARASHTRA,25,35,2.9,5.5,6.7,7.9,316,34930,6,22,1.1,11.8,22,350,170,920,2018,2018
684,,Coastal/ Creek/ Marine/ Sea Water (under NWMP),MAHARASHTRA,26,35,2.6,5.9,6.7,8,303,44080,5,18,0.8,7.6,22,540,140,920,2018,2018
685,,Coastal/ Creek/ Marine/ Sea Water (under NWMP),MAHARASHTRA,26,35,2.8,5.9,6.8,8,521,44080,5,22,1.9,7.7,27,920,130,1600,2018,2018
686,,Coastal/ Creek/ Marine/ Sea Water (under NWMP),MAHARASHTRA,26,32,3.3,6,6.9,8,382,46760,4,18,1.7,6.7,21,920,110,1600,2018,2018
687,2165,SEA,MAHARASHTRA,25,32,3.2,5,6.9,7.7,18250,65760,9,16,0.8,4,33,1600,540,1600,2019,2019
688,2166,SEA,MAHARASHTRA,25,34,3.2,4.9,7,7.9,18290,66240,8,17,0.9,1.7,46,1600,210,1600,2019,2019
689,2167,SEA,MAHARASHTRA,26,34,3.2,4.8,6.9,7.9,18500,66760,9,16,0.31,2,49,920,240,1600,2019,2019
690,2169,SEA,MAHARASHTRA,24,39,3.8,7.2,6.4,8.2,182,65470,3,14,0.2,1.5,11,1600,40,1600,2019,2019
691,2048,DRAIN,CHANDIGARH,16,31,,,7.2,7.9,680,1196,58,341,0.68,16,172,130000000,220000,542000000,2019,2019
692,3861,DRAIN,HIMACHAL PRADESH,10,28,6.5,8.9,6.9,8.2,388,550,0.5,1.5,0.07,1.7,14,26,33,120,2019,2019
693,3865,DRAIN,HIMACHAL PRADESH,14,32,5,8.9,6.7,8.2,288,568,0.4,1.4,0.02,1.11,17,22,31,58,2019,2019
694,3875,DRAIN,HIMACHAL PRADESH,23,23,5.3,8.5,7,8.1,177,855,0.3,12,0.11,1.5,17,40,32,430,2019,2019
695,3879,DRAIN,HIMACHAL PRADESH,20,28,5.1,7.2,6.9,8.3,638,5950,1.9,24,0.11,3.82,11,170,40,920,2019,2019
696,3881,DRAIN,HIMACHAL PRADESH,19,29,4.1,8.4,7.1,8.3,712,6220,2,110,0.11,1.58,13,194,70,920,2019,2019
697,4029,DRAIN,HIMACHAL PRADESH,13,25,5.9,8.3,6.7,8.3,271,671,0.3,2,0.1,0.75,14,32,38,140,2019,2019
698,4034,DRAIN,HIMACHAL PRADESH,3,12,8,9,7.2,7.9,120,385,0.1,0.3,0.16,1.5,2,4,34,110,2019,2019
699,4035,DRAIN,HIMACHAL PRADESH,3,12,8,9,7.1,7.9,133,392,0.1,0.5,0.16,1.39,2,4,47,110,2019,2019
700,4425,DRAIN,HIMACHAL PRADESH,6,18,7,9.5,7.4,8.4,101,8920,0.3,1.1,0.23,1.65,2,26,34,1600,2019,2019
701,4430,DRAIN,HIMACHAL PRADESH,9,28,5.2,8.4,7,8.3,288,3907,4.8,12,0.18,7.39,7,1600,540,1600,2019,2019
702,4462,DRAIN,HIMACHAL PRADESH,7,22,7.2,9.1,8.1,8.3,172,21590,0.3,0.9,0.39,4.14,2,14,21,48,2019,2019
703,4463,DRAIN,HIMACHAL PRADESH,7,21,7.7,9.5,7.9,8.3,85,36950,0.5,0.9,0.37,0.52,2,9,17,84,2019,2019
704,4474,DRAIN,HIMACHAL PRADESH,8,9,9.2,9.6,7.7,8.4,99,2537,0.3,0.6,0.19,0.73,9,82,63,150,2019,2019
705,4475,DRAIN,HIMACHAL PRADESH,8,10,9,9.4,7.3,8.5,119,1388,0.5,0.8,0.2,0.55,9,34,110,220,2019,2019
706,4476,DRAIN,HIMACHAL PRADESH,9,12,8.7,12,7.5,8.3,46,81,0.1,0.1,,,13,33,110,210,2019,2019
707,4477,DRAIN,HIMACHAL PRADESH,11,17,7.9,11.4,7.2,8.3,99,225,0.1,0.1,,,13,21,70,140,2019,2019
708,4480,DRAIN,HIMACHAL PRADESH,,,5.2,5.5,7.6,8.1,588,720,0.4,1.2,,,13,20,40,120,2019,2019
709,4481,DRAIN,HIMACHAL PRADESH,11,23,7.5,8.1,7.1,8.5,306,416,0.1,0.2,0.11,0.32,2,2,40,46,2019,2019
710,4482,DRAIN,HIMACHAL PRADESH,12,24,7.4,8.2,7.8,8.2,285,2860,0.1,0.1,0.09,0.09,2,2,38,43,2019,2019
711,2763,DRAIN,KARNATAKA,19,24,4.2,8.1,7.5,8.4,192,1400,0.3,2.7,1.01,13,220,1000,900,1800,2019,2019
712,2049,DRAIN,CHANDIGARH,16,29,,,7.2,7.7,586,1251,71,230,2.1,73.9,7000,17200000,21000,54200000,2019,2019
713,2047,DRAIN,CHANDIGARH,16,29,,0.1,7.3,7.8,499,865,,141,0.6,8,240,7900000,542,24000000,2019,2019
714,2178,DRAIN,MAHARASHTRA,20,36,3.6,6.1,7,7.9,214,1254,3,28,0.7,9.27,4,17,210,540,2019,2019
715,20017,STP,KERALA,,,,,6.9,8.6,,,20,380,,,,,,,2019,2019
716,2790,DRAIN,MAHARASHTRA,24,30,3.7,7,6.6,7.9,146,56020,1.8,13,0.04,0.8,4,920,21,920,2019,2019
717,3923,DRAIN,ODISHA,20,35,2.8,8,6.4,8.4,186,531,2.9,8.5,0.42,14.99,1100,160000,3500,160000,2019,2019
718,3930,DRAIN,ODISHA,20,28,6.2,9.2,6.8,7.9,479,1408,0.4,1.9,0.16,1.25,20,1300,45,3500,2019,2019
719,3934,DRAIN,ODISHA,16,29,6.2,8.1,6.9,8.1,153,598,0.9,1.6,0.13,7.74,45,1300,92,13000,2019,2019
720,3939,DRAIN,ODISHA,14,26,5.8,8.6,6.5,7.7,88,235,0.5,1.8,0.11,0.62,68,2400,170,4900,2019,2019
721,10056,DRAIN,TAMIL NADU,,,,,7,7.6,1743,3180,28,54,0.45,4.05,110,110,1400,71600,2019,2019
722,2782,DRAIN,MAHARASHTRA,24,37,,5.7,6.7,8,165,62120,5,210,0.3,2.5,70,1600,220,1600,2019,2019
723,2783,DRAIN,MAHARASHTRA,24,37,,7,6.4,8.2,169,63040,4,150,0.8,3.4,84,1600,280,1600,2019,2019
724,2784,DRAIN,MAHARASHTRA,24,32,,7.2,6.5,7.9,143,36300,3,160,0.4,5.5,33,1600,120,1600,2019,2019
725,2785,DRAIN,MAHARASHTRA,22,37,,6.2,6.3,8.1,93,17720,4,1100,0.3,28.7,13,1600,47,1600,2019,2019
726,2786,DRAIN,MAHARASHTRA,24,29,,6.5,6.5,7.2,94,10480,4,550,0.3,17.1,17,41,46,220,2019,2019
727,2787,DRAIN,MAHARASHTRA,24,29,,6.8,6.6,7.1,95,5742,4,240,0.4,7.5,17,27,79,170,2019,2019
728,2788,DRAIN,MAHARASHTRA,24,29,,6.9,6.7,7.9,95,7835,4,625,0.4,12,5,32,21,120,2019,2019
729,4158,DRAIN,PUNJAB,14,38,,2.9,7.2,8.1,582,2787,16,288,0.4,1.23,2700,13000,21000,43000,2019,2019
730,2906,DRAIN,PUNJAB,12,26,,,7,7.6,3112,5425,93,240,0.93,4.61,9400,2800000,210000,4300000,2019,2019
731,2907,DRAIN,PUNJAB,13,30,,,7,7.9,776,1766,46,110,2,5.2,33000,170000,70000,210000,2019,2019
732,2908,INDUSTRIAL DRAIN,PUNJAB,11,32,,,7.1,8,774,1392,17,100,0.53,2.4,3800,49000,28000,110000,2019,2019
733,2789,DRAIN,MAHARASHTRA,7,30,2.4,7.7,7.3,8.4,3,1426,1.1,8,,30,30,350,550,1800,2019,2019
734,10047,NALLAH,TAMIL NADU,35,35,3.2,3.2,7.3,7.4,2370,3260,21,24,3.05,6.5,2,3500,210,16000,2019,2019
735,10048,NALLAH,TAMIL NADU,32,36,,3.4,7.1,7.4,1186,3090,20,26,1,9.3,2,270,110,2200,2019,2019
736,20013,STP,GOA,,,,,5.9,8.3,,,3.2,700,,,24000000,24000000,54000000,54000000,2019,2019
737,20015,STP,GUJARAT,25,28,,,7.1,8,,,19,159,,,33,1600,350,1600,2019,2019
738,20016,STP,GUJARAT,28,30,,,7.1,7.5,,,24,109,,,46,1600,350,1600,2019,2019
739,20018,STP,ODISHA,,,,,6.7,7.1,,,3.5,200.5,,,54000,160000,54000,160000,2019,2019
740,20019,STP,ODISHA,,,,,6.9,7.8,,,14.5,172.7,,,2,160000,2,160000,2019,2019
741,20020,STP,ODISHA,,,,,6.8,7.5,,,17.3,84.1,,,24000,160000,54000,160000,2019,2019
742,20021,STP,PUNJAB,,,,,7.2,7.4,,,28,120,,,,,,,2019,2019
743,20022,STP,PUNJAB,23,34,,,6.2,7.6,,,38,173,,,11000,11000,,,2019,2019
744,20025,STP,PUNJAB,,,,,6.8,7.9,,,26,114,,,,,,,2019,2019
745,20026,STP,PUNJAB,,,,,7.8,8.9,,,26,83,,,,,,,2019,2019
746,20027,STP,PUNJAB,,,,,6.8,8.1,,,34,118,,,,,,,2019,2019
747,20028,STP,PUNJAB,,,,,7.1,7.9,,,26,98,,,,,,,2019,2019
748,20032,STP,TAMIL NADU,28,33,5.3,5.5,7.2,8.7,2240,2520,5,10,0.55,0.95,2,2,2,140,2019,2019
749,20034,STP,TAMIL NADU,26,36,5.5,5.5,7.4,7.7,334,334,5,15,3.05,3.05,2,260,140,2200,2019,2019
750,20035,STP,TAMIL NADU,26,33,1.8,1.8,7.4,7.7,2270,2270,5,13,1.05,1.05,2,330,200,2400,2019,2019
751,20038,STP,TAMIL NADU,29,29,,,7.1,7.8,1496,1496,0.9,83,3.81,3.81,27,630,79,1700,2019,2019
752,20040,STP,TAMIL NADU,30,30,,,7.3,7.5,1218,1249,33,50,3.13,9,610,630,1500,1700,2019,2019
753,20043,STP,TAMIL NADU,30,30,,,7.3,7.5,1218,1249,33,50,3.11,8.8,610,630,1500,1700,2019,2019
754,20044,STP,TAMIL NADU,30,30,,,6.7,6.9,1332,1349,70,70,0.76,2,1200,1700,2800,3200,2019,2019
755,20045,STP,TAMIL NADU,26,26,,,6.8,6.8,1048,1048,2.5,2.5,0.4,0.4,1700,1700,7000,7000,2019,2019
756,20047,STP,TAMIL NADU,30,32,,,6.9,7.1,1383,1414,75,80,1.95,8.2,1100,1400,2600,3400,2019,2019
757,20048,STP,UTTARAKHAND,19,21,9.2,10.2,7.9,8.1,105,292,1,1,,,40,60,110,170,2019,2019
758,20049,STP,UTTARAKHAND,19,28,8.8,10.2,7.8,8.4,272,390,1,1,,,40,70,90,170,2019,2019
759,3041,WATER TREATMENT PLANT (RAW WATER),DELHI,,,8.6,8.6,7.8,8,351,527,1.2,1.2,0.04,7.38,1300,1700,2400,2800,2019,2019
760,3043,WATER TREATMENT PLANT (RAW WATER),DELHI,,,8.6,8.6,7.8,8,351,527,1.2,1.2,0.04,7.38,1300,1700,2400,2800,2019,2019
761,3045,WATER TREATMENT PLANT (RAW WATER),DELHI,,,10.2,10.2,7.6,7.6,239,239,1.1,1.1,5.12,5.12,35000,35000,35000,35000,2019,2019
762,3047,WATER TREATMENT PLANT (RAW WATER),HARYANA,,,,,7.1,7.5,209,322,1.8,3.2,0.41,0.71,170,2800,330,16000,2019,2019
763,3050,WATER TREATMENT PLANT (RAW WATER),UTTAR PRADESH,,,,,7.1,7.5,164,751,,,0.4,2.1,2,3300,2,4900,2019,2019
764,2267,CREEK,GOA,27,35,4.8,16,6.4,8.3,160,19710,,2.8,0.22,20.65,230,4900,490,7900,2019,2019
765,4022,COASTAL,GOA,28,32,5.9,7,7.4,8.1,32490,55980,,4.6,0.01,0.51,5,790,23,1400,2019,2019
766,4020,COASTAL,GOA,27,32,5.3,6.9,7.4,8.2,31870,85160,,3.3,0.02,0.62,33,1100,79,2200,2019,2019
767,3044,WATER TREATMENT PLANT (RAW WATER),DELHI,,,7.8,7.8,7.4,7.6,189,280,,1.7,1.91,1.91,170,3500,2200,5400,2019,2019
768,4018,COASTAL,GOA,28,32,4.2,6.9,7.3,8.2,26870,68180,,3.3,0.01,0.64,33,540,110,1100,2019,2019
769,20033,STP,TAMIL NADU,30,33,,,7.1,7.4,1641,1696,10,27,,,2,270,460,1700,2019,2019
770,2910,INDUSTRIAL DRAIN,PUNJAB,13,30,,,6.7,7.8,1547,2850,154,298,2.4,4.8,63000,220000,150000,350000,2019,2019
771,2909,INDUSTRIAL DRAIN,PUNJAB,11,27,,,7.1,8,715,2337,23,123,0.62,2.2,4900,26000,24000,110000,2019,2019
772,3051,CANAL,ANDHRA PRADESH,24,28,5,6.4,7,7.8,905,2179,2.6,8.4,1.28,5.2,3,4,210,1600,2019,2019
773,4361,SEA,ANDHRA PRADESH,27,34,5.4,6.6,6.8,8.2,300,50800,1.6,2.8,0.63,2.47,4,20,63,460,2019,2019
774,4356,CANAL,ANDHRA PRADESH,25,32,5.6,7.5,7.6,8.4,249,634,1.1,2.5,0.63,2.09,7,20,69,150,2019,2019
775,4370,CANAL,ANDHRA PRADESH,26,27,4.2,7,7,7.9,363,849,0.8,2.8,0.7,3.36,2,21,75,800,2019,2019
776,4374,CANAL,ANDHRA PRADESH,25,27,4,7.3,6.6,8.1,268,5000,1.2,3.8,0.55,4.81,4,15,120,1600,2019,2019
777,4373,DRAIN,ANDHRA PRADESH,25,27,,6,6.8,8.1,695,25600,1.6,44,1.72,7.19,4,28,120,600,2019,2019
778,1318,CREEK,MAHARASHTRA,25,34,,5.5,6.8,7.8,415,59980,6,50,0.5,6.4,23,920,170,920,2019,2019
779,3196,CREEK,GUJARAT,28,32,,6.5,6.7,7.7,688,4640,0.7,23,0.13,1.72,49,170,170,470,2019,2019
780,2081,CREEK,GUJARAT,28,33,,4.7,7,8.1,755,3250,2,31,0.19,0.73,33,79,140,280,2019,2019
781,4349,MARINE,ANDHRA PRADESH,19,30,4.2,7,7.3,8.3,30100,62086,1,4,0.44,2.88,4,11,28,120,2019,2019
782,4352,MARINE,ANDHRA PRADESH,25,37,4.5,7.2,6.8,8.1,32100,67820,1.2,6,0.36,1.85,4,11,63,110,2019,2019
783,4371,MARINE,ANDHRA PRADESH,25,32,4.5,8.6,6.4,8.2,29000,56470,1.2,2.6,0.44,1.18,4,9,93,120,2019,2019
784,4378,MARINE,ANDHRA PRADESH,25,28,4.3,5.7,7.6,7.9,32850,56150,2.2,3,0.72,2.06,3,4,150,1600,2019,2019
785,4363,SEA,ANDHRA PRADESH,27,33,1,7.5,6.9,8.1,14310,61090,1.1,4.6,1.24,3.1,7,15,93,210,2019,2019
786,3052,DRAIN,ANDHRA PRADESH,24,28,5.1,6,6.9,7.8,1507,2426,4,14.2,2.12,8.4,3,5,1300,2400,2019,2019
787,3053,DRAIN,ANDHRA PRADESH,24,31,2,5.3,6.8,8.4,207,34896,2,4.6,0.49,2.66,7,45,93,2400,2019,2019
788,3067,DRAIN,ANDHRA PRADESH,25,35,5.1,7.5,6.5,8.4,173,291,1.4,2.8,0.3,4.45,7,20,120,240,2019,2019
789,3054,DRAIN,TELANGANA,26,29,1,4.7,9,11.5,648,1390,3,36,0.48,11.6,2,2,17,110,2019,2019
790,3055,DRAIN,TELANGANA,23,30,0.1,6.1,6.9,7.8,897,1499,9,30,3,76,8,79,79,360,2019,2019
791,3056,DRAIN,TELANGANA,26,30,3,5.7,6.8,9.6,857,1284,5,44,0.48,0.48,2,23,32,1325,2019,2019
792,3057,DRAIN,TELANGANA,24,31,0.1,6.1,7.2,7.7,977,1251,7,17,,,5,33,49,1575,2019,2019
793,4362,SEA,ANDHRA PRADESH,26,34,0.7,5.8,6.7,8.1,645,74900,,3.6,0.76,4.19,7,15,69,210,2019,2019
794,1377,DRAIN,DELHI,10,10,,,4,4,,,,,,,2,2,2,2,2019,2019
795,3058,DRAIN,TELANGANA,25,30,2,5,6.9,7.5,903,1220,9,24,,,8,23,33,1600,2019,2019
796,3059,DRAIN,TELANGANA,23,27,3,6.4,6.9,8.4,1098,1830,8,21,,,5,17,49,71600,2019,2019
797,3060,DRAIN,TELANGANA,4,29,0.8,27,7.2,7.8,889,1657,10,45,,,2,27,33,1600,2019,2019
798,3061,DRAIN,TELANGANA,4,28,4,25,7.4,7.9,849,1717,10,33,,,2,49,2,1600,2019,2019
799,3062,DRAIN,TELANGANA,4,29,1.5,26,7.4,7.9,1195,1649,8,18,,,2,23,5,1600,2019,2019
800,3064,DRAIN,TELANGANA,29,29,0.1,1,7.3,8,1254,1430,32,36,12,12,32,46,350,430,2019,2019
801,3065,DRAIN,TELANGANA,29,29,0.1,0.1,7.7,7.7,1390,1390,38,38,13,13,24,24,350,350,2019,2019
802,2057,CANAL,DELHI,16,32,,2.4,7,7.3,565,1450,10,58,0.2,0.5,1100000,16000000,2200000,16000000,2019,2019
803,20004,STP,ANDHRA PRADESH,25,30,2.1,8,6.7,8.1,,,8,27,,,11,21,150,1100,2019,2019
804,3066,DRAIN,TELANGANA,29,30,,0.1,7,7.8,1423,1662,30,32,13,16,23,34,350,350,2019,2019
805,4383,MARINE,ANDHRA PRADESH,20,25,3.9,5.9,7.4,8.5,14420,57900,2.2,24,0.46,1.32,3,4,120,1600,2019,2019
806,4385,MARINE,ANDHRA PRADESH,25,30,4.6,6,7,8.2,31200,52850,2.3,3,0.32,0.82,3,10,210,1600,2019,2019
807,4386,MARINE,ANDHRA PRADESH,23,30,4.3,5.7,7.1,8.3,28000,58900,2.2,3.8,0.36,0.93,3,4,150,1600,2019,2019
808,20024,STP,PUNJAB,24,34,,,6.8,7.7,,,75,243,,,,,,,2019,2019
809,4387,MARINE,ANDHRA PRADESH,18,23,3.8,6,7.2,8.1,19000,52700,2,3.6,0.42,0.97,3,4,210,1600,2019,2019
810,4015,COASTAL,GOA,27,32,5.8,6.7,6.1,8.2,4520,55860,,0.7,,1.13,8,490,,17000,2019,2019
811,3046,WATER TREATMENT PLANT (RAW WATER),DELHI,,,7.9,7.9,7.2,7.7,186,333,2.5,2.5,,1.41,14,16000,25,16000,2019,2019
812,4013,COASTAL,GOA,27,32,5.9,6.9,6.6,8,27750,58010,,2.3,,0.55,8,1300,23,2800,2019,2019
813,2354,CANAL,ANDHRA PRADESH,24,30,2.6,5.5,6.8,8.6,203,525,1.2,3.4,0.57,2.7,7,15,75,210,2019,2019
814,2355,CANAL,ANDHRA PRADESH,24,31,1.5,5,6.6,8.2,456,26393,1.9,5.8,1.15,3.4,7,28,150,2400,2019,2019
815,3042,WATER TREATMENT PLANT (RAW WATER),DELHI,,,9.8,9.8,7.7,7.8,149,225,,,,1.9,230,7000,1100,7900,2019,2019
816,4021,COASTAL,GOA,27,32,5.6,7.3,6.2,8.1,13370,60310,,2.8,,0.61,5,790,13,1700,2019,2019
817,4019,COASTAL,GOA,27,32,5.2,7.3,6.4,8.1,50,58130,,2.9,,0.44,8,5400,23,9200,2019,2019
818,4017,COASTAL,GOA,27,32,5.5,6.9,7.3,8.2,33546,54980,,2.5,,0.32,8,1100,23,3500,2019,2019
819,2268,CANAL,GOA,26,31,4.2,6.2,5.2,8.5,83,44510,,0.8,0.02,1.08,45,2400,490,5400,2019,2019
820,2265,CANAL,GOA,27,30,5.2,8.1,5.8,7.4,47,641,,2.4,,1.37,78,1100,130,2300,2019,2019
821,2266,CANAL,GOA,27,30,4.9,8.8,5.8,7.8,52,605,,2.7,,1.37,130,1700,490,3300,2019,2019
822,1479,CANAL,DELHI,,,10.2,10.2,7.6,7.8,239,293,1.1,5.2,0.91,5.12,2400,35000,9200,35000,2019,2019
823,2073,CANAL,GUJARAT,25,30,6.8,7.8,7.4,8.2,239,360,0.5,1.1,0.03,0.16,,,2,37,2019,2019
824,2074,CANAL,GUJARAT,28,32,5.7,7.2,7.3,8.8,272,737,0.4,0.8,0.09,0.77,14,33,49,94,2019,2019
825,4421,CANAL,GUJARAT,25,33,7.8,8.3,7.4,8.3,253,336,0.3,0.4,0.4,0.54,2,2,4,21,2019,2019
826,1109,CANAL,HARYANA,19,27,4.6,8,7,8.1,135,2230,1.8,4,0.01,2.8,500,4000,1500,160000,2019,2019
827,1110,CANAL,HARYANA,26,26,5.9,7,7.6,7.8,189,296,2.4,2.6,0.02,0.09,700,4800,1500,54200,2019,2019
828,1111,CANAL,HARYANA,19,29,3.7,9.3,6.8,8,146,345,1.2,2.4,0.01,0.18,400,3300,1300,21200,2019,2019
829,1112,CANAL,HARYANA,21,29,1.5,7.8,7.4,7.9,151,2370,1.2,2.8,0.02,0.3,200,1700,900,20000,2019,2019
830,1113,CANAL,HARYANA,25,25,6.6,7.3,7.6,7.6,222,410,1.2,2.5,0.04,0.09,1700,1700,14800,17200,2019,2019
831,1114,CANAL,HARYANA,21,23,3.2,8.2,7.2,8.6,250,1180,2.4,24,0.12,4.2,2,3910,2210,351000,2019,2019
832,1115,CANAL,HARYANA,20,29,1.6,7.6,7.5,7.9,140,2390,1.5,2.6,0.02,0.62,400,9200,1400,27800,2019,2019
833,1116,CANAL,HARYANA,14,30,5.4,10.1,7.4,8,183,2350,0.8,2.6,0.05,3.5,25,21000,540,130000,2019,2019
834,1419,CANAL,HARYANA,,,2.6,3.9,7,8.3,1010,1320,18,32,3.6,5.4,3560,3970,32110,340620,2019,2019
835,1886,CANAL,HARYANA,20,27,5.6,9.8,7.6,8.1,141,2150,0.6,3.5,0.01,1.86,200,13000,1400,49000,2019,2019
836,2056,CANAL,HARYANA,24,26,6.8,8.6,7.6,8,186,295,1.5,3.5,0.03,0.07,200,1400,1400,12000,2019,2019
837,3461,CANAL,KERALA,24,32,3.2,7.5,6.6,7.7,195,43100,0.2,2.1,0.1,1.18,100,4900,200,7800,2019,2019
838,3467,CANAL,KERALA,25,32,1.5,4.8,6.5,7.3,319,30000,1,3.6,0.03,3.01,2600,70000,5400,110000,2019,2019
839,3469,CANAL,KERALA,25,29,2.6,7.3,6.5,7.6,58,145,1.1,3.5,0.17,2.83,1500,6300,3500,8400,2019,2019
840,2836,CANAL,MANIPUR,16,28,6.7,7.8,6.6,7.6,110,374,2.3,3.7,26,30,5,35,15,150,2019,2019
841,2428,CANAL,ODISHA,24,28,6.8,7.7,7.1,7.3,151,192,0.8,3.8,0.19,0.38,700,4900,3500,25000,2019,2019
842,2429,CANAL,ODISHA,25,28,6.4,7.4,6.7,7.7,131,192,0.6,3.4,0.18,0.78,1700,92000,2800,160000,2019,2019
843,2430,CANAL,ODISHA,22,33,0.4,8.4,7,8.2,147,297,0.3,5.6,0.11,0.9,140,7900,330,17000,2019,2019
844,3950,CANAL,ODISHA,26,28,7.2,7.6,7.2,7.5,131,191,1.5,3.7,0.23,0.36,1700,22000,4300,54000,2019,2019
845,3951,CANAL,ODISHA,24,27,5.4,7.8,6.8,7.7,142,193,1.3,4.7,0.22,0.89,1700,35000,4900,92000,2019,2019
846,3952,CANAL,ODISHA,24,28,6.2,7.6,7.4,7.8,134,176,1,2.3,0.23,0.53,490,17000,1100,35000,2019,2019
847,3958,CANAL,ODISHA,23,32,6.2,11.8,7,8.4,172,296,0.6,1.8,0.12,2.25,78,2200,220,3900,2019,2019
848,3959,CANAL,ODISHA,23,34,5.5,9.3,7.3,8.3,137,280,0.6,2.4,0.11,0.27,170,2400,460,5400,2019,2019
849,3960,CANAL,ODISHA,20,29,3.1,7.6,6.5,8.4,142,448,0.6,2.8,0.16,6.51,45,1700,230,4700,2019,2019
850,2932,CANAL,RAJASTHAN,22,26,4.7,5.6,8,8.6,260,400,0.6,1.6,1.82,3.32,7,23,21,75,2019,2019
851,2933,CANAL,RAJASTHAN,16,32,4.6,6.8,7.8,8.2,210,400,0.9,2.2,1.66,2.74,14,75,75,150,2019,2019
852,2934,CANAL,RAJASTHAN,16,31,3.9,6.5,7.6,8.1,250,590,0.9,3,1.76,2.74,11,75,28,210,2019,2019
853,4773,CANAL,RAJASTHAN,15,31,3.9,6,7.6,8.2,250,440,0.9,2.4,1.6,2.21,9,39,28,93,2019,2019
854,30022,CANAL,RAJASTHAN,,,5.4,5.9,7.1,7.7,294,303,1.5,3.4,1.12,1.33,3600,23000,8200,23000,2019,2019
855,10049,CANAL,TAMIL NADU,28,28,,,7.6,7.6,2490,2490,17,17,3.2,3.2,2,2,45,45,2019,2019
856,10050,CANAL,TAMIL NADU,26,26,,,7.2,7.2,5550,5550,20,20,3.4,3.4,45,45,790,790,2019,2019
857,10052,CANAL,TAMIL NADU,28,34,3,3,7.2,7.3,2330,2870,8,26,1,3.05,2,700,68,2200,2019,2019
858,1729,CANAL,TRIPURA,21,28,4.1,6.9,6.2,7.6,208,288,6.4,38,0.39,5.73,220,350,430,920,2019,2019
859,3387,CANAL,TRIPURA,21,28,5.8,7,6.7,7.6,105,184,0.8,2.8,0.26,2.2,70,150,150,280,2019,2019
860,3388,CANAL,TRIPURA,22,29,5.7,7.2,6.9,7.8,110,182,0.9,2.7,0.22,2.8,46,120,110,240,2019,2019
861,3389,CANAL,TRIPURA,20,28,5.5,7.4,6.6,7.7,111,197,0.9,3.5,0.3,3.05,58,150,110,280,2019,2019
862,3390,CANAL,TRIPURA,20,27,5.5,7,6.4,7.3,114,169,0.8,3.5,0.21,2.25,58,150,110,240,2019,2019
863,4198,CANAL,TRIPURA,22,28,6.1,6.9,6.8,7.5,105,184,0.8,2.6,0.3,3.34,41,130,120,240,2019,2019
864,4199,CANAL,TRIPURA,22,28,4.2,7.8,6.5,7.8,110,202,2.6,24,0.43,6.64,22,350,350,540,2019,2019
865,2726,CANAL,UTTARAKHAND,16,20,9,10.8,7.5,8.4,127,140,1,1,,,30,60,70,130,2019,2019
866,2727,CANAL,UTTARAKHAND,16,20,8.6,10,7.4,8.3,128,143,1,1.2,,,40,90,110,170,2019,2019
867,3998,CANAL,UTTARAKHAND,17,20,9,10,7.6,8.4,119,140,1,1,,,23,70,50,130,2019,2019
868,3999,CANAL,UTTARAKHAND,16,21,8.6,11,7.6,8.2,117,138,1,1,,,30,50,50,110,2019,2019
869,2512,CANAL,WEST BENGAL,20,32,0.8,0.9,7.2,8.1,412,1918,4.8,17,0.09,0.91,40000,9000000,80000,16000000,2019,2019
870,2513,CANAL,WEST BENGAL,21,32,,,7.3,7.6,617,869,17.9,93.6,0.1,0.78,1300000,50000000,2100000,90000000,2019,2019
871,2080,CREEK,GUJARAT,26,30,5,7.1,7.3,7.9,865,24820,0.9,2,0.04,0.36,8,33,26,142,2019,2019
872,1316,CREEK,MAHARASHTRA,24,41,3.7,7.4,6.9,7.8,83,60580,3,14,0.2,4.7,21,79,79,350,2019,2019
873,1317,CREEK,MAHARASHTRA,25,32,3,5.2,6.7,7.6,8212,65500,8,20,0.8,2.2,70,920,210,1600,2019,2019
874,2184,CREEK,MAHARASHTRA,23,32,3.6,7.3,6.8,7.8,184,43360,3,13,0.6,3.4,21,110,170,430,2019,2019
875,2185,CREEK,MAHARASHTRA,20,29,3.2,6.8,6.6,7.8,418,57400,4,20,1.2,3.7,23,110,210,350,2019,2019
876,2791,CREEK,MAHARASHTRA,24,36,3.5,7.3,6.5,7.8,136,16470,3,15,0.3,3.2,2,110,9,1600,2019,2019
877,2792,CREEK,MAHARASHTRA,24,32,3.3,5.6,6.3,8,165,34280,5,16,0.7,7.4,21,170,150,350,2019,2019
878,2793,CREEK,MAHARASHTRA,24,32,3.3,6.6,6.5,8,156,34360,4,15,0.2,7.4,11,84,46,430,2019,2019
879,2794,CREEK,MAHARASHTRA,24,32,3.5,6.8,6.5,8.1,142,34400,4,14,0.6,6.6,11,70,47,350,2019,2019
880,2795,CREEK,MAHARASHTRA,24,32,3.6,6.5,6.6,7.9,115,39390,4,12,0.1,7.4,17,920,58,920,2019,2019
881,2796,CREEK,MAHARASHTRA,24,35,3.9,5.9,6.6,7.9,184,53480,5,13,0.8,4.6,17,79,140,350,2019,2019
882,2797,CREEK,MAHARASHTRA,24,35,3.6,5.7,6.8,8.1,191,58050,6,14,1,4.9,5,280,170,920,2019,2019
883,4014,COASTAL,GOA,26,32,5.8,7.7,6.3,8.3,2037,57350,,2.8,0.09,1.7,13,1300,33,2200,2019,2019
884,2800,CREEK,MAHARASHTRA,22,35,3.4,6.8,6.5,8.6,101,57800,4,14,0.3,4.5,13,110,84,280,2019,2019
885,2801,CREEK,MAHARASHTRA,25,30,3.4,5.4,7.1,8.1,1256,66530,6,16,0.4,1.7,17,70,140,350,2019,2019
886,2802,CREEK,MAHARASHTRA,25,30,3.8,7.2,7.3,7.9,68,66540,3,15,0.1,1.7,8,94,33,350,2019,2019
887,2803,CREEK,MAHARASHTRA,28,29,4.5,7.1,6.5,8.7,92,23840,3,11,0.1,2.8,17,79,33,350,2019,2019
888,2804,CREEK,MAHARASHTRA,26,31,3.4,7.1,6.8,7.9,75,55880,1.8,14,0.23,3.82,4,920,40,920,2019,2019
889,2439,CREEK,ODISHA,20,29,6,8.1,7.3,8.2,31390,49630,0.2,1.6,0.12,0.39,2,350,2,16000,2019,2019
890,2440,CREEK,ODISHA,20,32,5.8,8.4,7.1,8.2,32160,48750,0.3,1.4,0.14,0.93,2,2,2,140,2019,2019
891,2441,CREEK,ODISHA,11,26,6.5,8.8,7.3,8.2,32470,48246,0.2,2.5,0.19,1.01,2,330,2,790,2019,2019
892,3961,CREEK,ODISHA,21,33,3.8,7.8,6.8,8.1,896,25710,1.3,4.2,0.14,2.28,220,5400,230,9200,2019,2019
893,2798,CREEK,MAHARASHTRA,22,35,,4.6,6.3,7.9,14540,66760,8,60,0.8,3.6,21,130,140,540,2019,2019
894,2799,CREEK,MAHARASHTRA,22,35,,6.7,6.5,8,103,67690,4,55,0.3,3.1,17,350,70,920,2019,2019
895,,CANAL,DELHI,,,9,9,7.2,7.6,200,302,,2.7,2.42,2.42,2100,1300000,4900,2400000,2018,2018
896,,CANAL,ODISHA,24,28,6.8,8,7,7.8,177,208,0.8,2.2,0.478,0.737,28000,160000,35000,160000,2018,2018
897,,CANAL,HARYANA,,,6.48,7.5,7.5,8.13,201,2890,1.2,2.5,,,400,500,1400,1700,2018,2018
898,,Coastal/ Creek/ Marine/ Sea Water (under NWMP),GOA,28,30,5.8,7.6,7.36,8.09,42140,51510,1.5,4,,1.843,23,790,49,1700,2018,2018
899,,Coastal/ Creek/ Marine/ Sea Water (under NWMP),GOA,27,29,5.2,7.6,6.8,8.09,12210,52600,1.3,2.9,,0.254,23,350,33,920,2018,2018
900,,DRAIN,PUNJAB,13,30,,,6.9,8.1,240,4320,104,290,0.72,2.1,3700,26000,3100,70000,2018,2018
901,20023,STP,PUNJAB,18,27,,,6.6,7.6,,,26,261,,,28000,28000,,,2019,2019
902,3880,DRAIN,HIMACHAL PRADESH,,,,,,,,,,,,,,,,,2019,2019
903,4016,COASTAL,GOA,27,37,5.8,7,7.2,8.2,17550,56840,,2.7,,0.62,8,1300,33,3500,2019,2019
904,2806,MARINE,MAHARASHTRA,24,35,,4.9,6.9,7.8,231,60750,7,50,0.6,4.4,33,920,140,920,2019,2019
905,2807,MARINE,MAHARASHTRA,22,36,,6.5,6.5,8.4,160,67400,4,470,0.8,9.8,21,79,70,350,2019,2019
906,2810,MARINE,MAHARASHTRA,25,33,,4.9,6.9,7.7,15870,66460,9,16,0.9,12.5,49,1600,540,1600,2019,2019
907,2811,MARINE,MAHARASHTRA,26,33,,6.4,6.8,7.7,229,64680,4,45,0.4,1.8,49,1600,220,1600,2019,2019
908,2805,MARINE,MAHARASHTRA,24,35,3.2,7,6.7,8,99,60880,3,17,0.2,4.5,23,920,63,1600,2019,2019
909,2808,MARINE,MAHARASHTRA,25,32,3.1,5.1,6.6,7.7,609,66330,8,20,0.9,2.2,110,17000,430,54000,2019,2019
910,2809,MARINE,MAHARASHTRA,26,32,3.4,5.4,6.7,7.6,18470,66680,6,15,1.1,1.6,70,1600,350,1600,2019,2019
911,2812,MARINE,MAHARASHTRA,24,39,3.8,7.6,6.2,8.2,180,65600,3,14,0.2,1.6,33,1600,110,1600,2019,2019
912,2813,MARINE,MAHARASHTRA,24,30,4.2,7.1,6.8,7.9,17780,59320,2.4,11,0.09,3.89,11,920,220,1600,2019,2019
913,2814,MARINE,MAHARASHTRA,24,30,4,6.9,7.1,7.9,17260,56120,2.2,14,0.06,4.1,14,84,210,920,2019,2019
914,2815,MARINE,MAHARASHTRA,24,30,4.3,6.8,6.9,8.1,334,57750,2.8,12,0.05,3.2,9,920,170,1600,2019,2019
